<?xml version="1.0"?>
<doc>
    <assembly>
        <name>BinanceApps.Trading</name>
    </assembly>
    <members>
        <member name="T:BinanceApps.Trading.Interfaces.ITradingService">
            <summary>
            交易服务接口
            </summary>
        </member>
        <member name="M:BinanceApps.Trading.Interfaces.ITradingService.PlaceOrderAsync(BinanceApps.Core.Models.PerpetualOrder)">
            <summary>
            下单
            </summary>
            <param name="order">订单信息</param>
            <returns>下单结果</returns>
        </member>
        <member name="M:BinanceApps.Trading.Interfaces.ITradingService.PlaceBatchOrdersAsync(System.Collections.Generic.List{BinanceApps.Core.Models.PerpetualOrder})">
            <summary>
            批量下单
            </summary>
            <param name="orders">订单列表</param>
            <returns>下单结果列表</returns>
        </member>
        <member name="M:BinanceApps.Trading.Interfaces.ITradingService.CancelOrderAsync(System.String,System.Int64)">
            <summary>
            取消订单
            </summary>
            <param name="symbol">交易对</param>
            <param name="orderId">订单ID</param>
            <returns>是否成功</returns>
        </member>
        <member name="M:BinanceApps.Trading.Interfaces.ITradingService.CancelAllOrdersAsync(System.String)">
            <summary>
            取消所有订单
            </summary>
            <param name="symbol">交易对</param>
            <returns>是否成功</returns>
        </member>
        <member name="M:BinanceApps.Trading.Interfaces.ITradingService.GetOrderAsync(System.String,System.Int64)">
            <summary>
            查询订单
            </summary>
            <param name="symbol">交易对</param>
            <param name="orderId">订单ID</param>
            <returns>订单信息</returns>
        </member>
        <member name="M:BinanceApps.Trading.Interfaces.ITradingService.GetAllOrdersAsync(System.String,System.Int32)">
            <summary>
            查询所有订单
            </summary>
            <param name="symbol">交易对</param>
            <param name="limit">限制数量</param>
            <returns>订单列表</returns>
        </member>
        <member name="M:BinanceApps.Trading.Interfaces.ITradingService.GetOpenOrdersAsync(System.String)">
            <summary>
            查询当前订单
            </summary>
            <param name="symbol">交易对</param>
            <returns>当前订单列表</returns>
        </member>
        <member name="M:BinanceApps.Trading.Interfaces.ITradingService.SetLeverageAsync(System.String,System.Int32)">
            <summary>
            设置杠杆
            </summary>
            <param name="symbol">交易对</param>
            <param name="leverage">杠杆倍数</param>
            <returns>是否成功</returns>
        </member>
        <member name="M:BinanceApps.Trading.Interfaces.ITradingService.SetMarginTypeAsync(System.String,System.String)">
            <summary>
            设置保证金类型
            </summary>
            <param name="symbol">交易对</param>
            <param name="marginType">保证金类型</param>
            <returns>是否成功</returns>
        </member>
        <member name="M:BinanceApps.Trading.Interfaces.ITradingService.PlaceConditionalOrderAsync(BinanceApps.Core.Models.ConditionalOrder)">
            <summary>
            创建条件单
            </summary>
            <param name="order">条件单信息</param>
            <returns>条件单结果</returns>
        </member>
        <member name="M:BinanceApps.Trading.Interfaces.ITradingService.CancelConditionalOrderAsync(System.String,System.Int64)">
            <summary>
            取消条件单
            </summary>
            <param name="symbol">交易对</param>
            <param name="orderId">条件单ID</param>
            <returns>是否成功</returns>
        </member>
        <member name="M:BinanceApps.Trading.Interfaces.ITradingService.GetConditionalOrderAsync(System.String,System.Int64)">
            <summary>
            查询条件单
            </summary>
            <param name="symbol">交易对</param>
            <param name="orderId">条件单ID</param>
            <returns>条件单信息</returns>
        </member>
        <member name="M:BinanceApps.Trading.Interfaces.ITradingService.GetAllConditionalOrdersAsync(System.String)">
            <summary>
            查询所有条件单
            </summary>
            <param name="symbol">交易对</param>
            <returns>条件单列表</returns>
        </member>
        <member name="M:BinanceApps.Trading.Interfaces.ITradingService.GetSymbolInfoAsync(System.String)">
            <summary>
            获取交易对信息
            </summary>
            <param name="symbol">交易对</param>
            <returns>交易对信息</returns>
        </member>
        <member name="M:BinanceApps.Trading.Interfaces.ITradingService.GetAllSymbolsInfoAsync">
            <summary>
            获取所有交易对信息
            </summary>
            <returns>交易对信息列表</returns>
        </member>
        <member name="M:BinanceApps.Trading.Interfaces.ITradingService.ValidateOrderAsync(BinanceApps.Core.Models.PerpetualOrder)">
            <summary>
            验证订单参数
            </summary>
            <param name="order">订单信息</param>
            <returns>验证结果</returns>
        </member>
    </members>
</doc>
