<?xml version="1.0"?>
<doc>
    <assembly>
        <name>BinanceApps.WPF</name>
    </assembly>
    <members>
        <member name="T:BinanceApps.WPF.ApiSettingsWindow">
            <summary>
            ApiSettingsWindow
            </summary>
        </member>
        <member name="M:BinanceApps.WPF.ApiSettingsWindow.LoadCurrentSettings">
            <summary>
            加载当前配置
            </summary>
        </member>
        <member name="M:BinanceApps.WPF.ApiSettingsWindow.LoadApiSettings">
            <summary>
            加载API设置
            </summary>
        </member>
        <member name="M:BinanceApps.WPF.ApiSettingsWindow.BtnTestConnection_Click(System.Object,System.Windows.RoutedEventArgs)">
            <summary>
            测试API连接
            </summary>
        </member>
        <member name="M:BinanceApps.WPF.ApiSettingsWindow.TestApiConnection">
            <summary>
            测试API连接
            </summary>
        </member>
        <member name="M:BinanceApps.WPF.ApiSettingsWindow.UpdateConnectionStatus(System.Boolean,System.String)">
            <summary>
            更新连接状态显示
            </summary>
        </member>
        <member name="M:BinanceApps.WPF.ApiSettingsWindow.BtnSave_Click(System.Object,System.Windows.RoutedEventArgs)">
            <summary>
            保存配置
            </summary>
        </member>
        <member name="M:BinanceApps.WPF.ApiSettingsWindow.LoadSystemSettings">
            <summary>
            加载系统设置
            </summary>
        </member>
        <member name="M:BinanceApps.WPF.ApiSettingsWindow.UpdatePushSettingsVisibility">
            <summary>
            更新推送设置面板的显示状态
            </summary>
        </member>
        <member name="M:BinanceApps.WPF.ApiSettingsWindow.UpdateMarketMonitorSettingsVisibility">
            <summary>
            更新市场监控设置面板的显示状态
            </summary>
        </member>
        <member name="M:BinanceApps.WPF.ApiSettingsWindow.ChkMarketMonitor_Checked(System.Object,System.Windows.RoutedEventArgs)">
            <summary>
            市场监控复选框选中事件
            </summary>
        </member>
        <member name="M:BinanceApps.WPF.ApiSettingsWindow.ChkMarketMonitor_Unchecked(System.Object,System.Windows.RoutedEventArgs)">
            <summary>
            市场监控复选框取消选中事件
            </summary>
        </member>
        <member name="M:BinanceApps.WPF.ApiSettingsWindow.ChkPushNotification_Checked(System.Object,System.Windows.RoutedEventArgs)">
            <summary>
            推送通知复选框选中事件
            </summary>
        </member>
        <member name="M:BinanceApps.WPF.ApiSettingsWindow.ChkPushNotification_Unchecked(System.Object,System.Windows.RoutedEventArgs)">
            <summary>
            推送通知复选框取消选中事件
            </summary>
        </member>
        <member name="M:BinanceApps.WPF.ApiSettingsWindow.BtnTestPush_Click(System.Object,System.Windows.RoutedEventArgs)">
            <summary>
            测试推送按钮点击事件
            </summary>
        </member>
        <member name="M:BinanceApps.WPF.ApiSettingsWindow.SendPushNotification(System.String,System.String,System.String,System.String)">
            <summary>
            发送推送通知
            </summary>
            <param name="token">推送Token</param>
            <param name="title">推送标题</param>
            <param name="content">推送内容</param>
            <param name="type">推送类型</param>
        </member>
        <member name="M:BinanceApps.WPF.ApiSettingsWindow.BtnCancel_Click(System.Object,System.Windows.RoutedEventArgs)">
            <summary>
            取消按钮
            </summary>
        </member>
        <member name="M:BinanceApps.WPF.ApiSettingsWindow.InitializeComponent">
            <summary>
            InitializeComponent
            </summary>
        </member>
        <member name="T:BinanceApps.WPF.App">
            <summary>
            App.xaml 的交互逻辑
            </summary>
            <summary>
            App
            </summary>
        </member>
        <member name="M:BinanceApps.WPF.App.GetSavedVersionFromConfig">
            <summary>
            从配置文件读取保存的版本号
            </summary>
        </member>
        <member name="M:BinanceApps.WPF.App.SaveCurrentVersion(System.String)">
            <summary>
            保存版本号到配置文件
            </summary>
        </member>
        <member name="M:BinanceApps.WPF.App.RestoreConfigBackupIfExists">
            <summary>
            检查并恢复配置文件备份（更新后保护用户注册码）
            </summary>
        </member>
        <member name="M:BinanceApps.WPF.App.LoadLicenseKeyFromAppData">
            <summary>
            从 AppData 加载注册码到配置文件
            这样 LicenseManager 能读取到注册码，而更新时从 AppData 恢复
            </summary>
        </member>
        <member name="M:BinanceApps.WPF.App.InitializeComponent">
            <summary>
            InitializeComponent
            </summary>
        </member>
        <member name="M:BinanceApps.WPF.App.Main">
            <summary>
            Application Entry Point.
            </summary>
        </member>
        <member name="T:BinanceApps.WPF.CustomPortfolioWindow">
            <summary>
            CustomPortfolioWindow
            </summary>
        </member>
        <member name="M:BinanceApps.WPF.CustomPortfolioWindow.Window_Loaded(System.Object,System.Windows.RoutedEventArgs)">
            <summary>
            窗口加载事件
            </summary>
        </member>
        <member name="M:BinanceApps.WPF.CustomPortfolioWindow.Window_Closing(System.Object,System.ComponentModel.CancelEventArgs)">
            <summary>
            窗口关闭事件
            </summary>
        </member>
        <member name="M:BinanceApps.WPF.CustomPortfolioWindow.StartAutoUpdate">
            <summary>
            启动自动更新定时器
            </summary>
        </member>
        <member name="M:BinanceApps.WPF.CustomPortfolioWindow.LoadPortfoliosAsync">
            <summary>
            加载组合数据
            </summary>
        </member>
        <member name="M:BinanceApps.WPF.CustomPortfolioWindow.Initialize30DayDataCacheAsync">
            <summary>
            初始化30天数据缓存（从K线数据加载，仅执行一次）
            </summary>
        </member>
        <member name="M:BinanceApps.WPF.CustomPortfolioWindow.RefreshPortfolioDataAsync">
            <summary>
            刷新组合数据（获取最新行情）
            </summary>
        </member>
        <member name="M:BinanceApps.WPF.CustomPortfolioWindow.DisplayPortfoliosList">
            <summary>
            显示组合列表
            </summary>
        </member>
        <member name="M:BinanceApps.WPF.CustomPortfolioWindow.CreatePortfolioListHeader">
            <summary>
            创建组合列表表头
            </summary>
        </member>
        <member name="M:BinanceApps.WPF.CustomPortfolioWindow.CreateSortablePortfolioHeader(System.String,System.String)">
            <summary>
            创建可排序的表头
            </summary>
        </member>
        <member name="M:BinanceApps.WPF.CustomPortfolioWindow.ApplyPortfolioSorting(System.Collections.Generic.List{BinanceApps.Core.Models.PortfolioRuntimeData})">
            <summary>
            应用组合列表排序
            </summary>
        </member>
        <member name="M:BinanceApps.WPF.CustomPortfolioWindow.UpdateGroupTabs">
            <summary>
            更新分组标签栏
            </summary>
        </member>
        <member name="M:BinanceApps.WPF.CustomPortfolioWindow.CreateGroupTab(System.String,System.Int32)">
            <summary>
            创建分组标签按钮
            </summary>
        </member>
        <member name="M:BinanceApps.WPF.CustomPortfolioWindow.CreatePortfolioCard(BinanceApps.Core.Models.PortfolioRuntimeData)">
            <summary>
            创建组合卡片UI（优化为单行布局）
            </summary>
        </member>
        <member name="M:BinanceApps.WPF.CustomPortfolioWindow.CreatePortfolioRow(BinanceApps.Core.Models.PortfolioRuntimeData,System.Int32)">
            <summary>
            创建组合行（表格样式）
            </summary>
        </member>
        <member name="M:BinanceApps.WPF.CustomPortfolioWindow.DisplayPortfolioDetails(BinanceApps.Core.Models.PortfolioRuntimeData)">
            <summary>
            显示组合明细
            </summary>
        </member>
        <member name="M:BinanceApps.WPF.CustomPortfolioWindow.CreateTableHeader">
            <summary>
            创建表头
            </summary>
        </member>
        <member name="M:BinanceApps.WPF.CustomPortfolioWindow.CreateSortableHeader(System.String,System.String,System.Int32)">
            <summary>
            创建可排序的表头
            </summary>
        </member>
        <member name="M:BinanceApps.WPF.CustomPortfolioWindow.ApplySorting(System.Collections.Generic.List{BinanceApps.Core.Models.PortfolioSymbolData})">
            <summary>
            应用排序
            </summary>
        </member>
        <member name="M:BinanceApps.WPF.CustomPortfolioWindow.CreateSymbolDetailCard(BinanceApps.Core.Models.PortfolioSymbolData,System.Int32)">
            <summary>
            创建合约明细卡片（优化为单行显示）
            </summary>
        </member>
        <member name="M:BinanceApps.WPF.CustomPortfolioWindow.BtnCreateGroup_Click(System.Object,System.Windows.RoutedEventArgs)">
            <summary>
            创建分组按钮点击
            </summary>
        </member>
        <member name="M:BinanceApps.WPF.CustomPortfolioWindow.BtnCreatePortfolio_Click(System.Object,System.Windows.RoutedEventArgs)">
            <summary>
            创建组合按钮点击
            </summary>
        </member>
        <member name="M:BinanceApps.WPF.CustomPortfolioWindow.BtnRefreshData_Click(System.Object,System.Windows.RoutedEventArgs)">
            <summary>
            刷新数据按钮点击
            </summary>
        </member>
        <member name="M:BinanceApps.WPF.CustomPortfolioWindow.EditPortfolio(BinanceApps.Core.Models.CustomPortfolio)">
            <summary>
            编辑组合
            </summary>
        </member>
        <member name="M:BinanceApps.WPF.CustomPortfolioWindow.DeletePortfolio(BinanceApps.Core.Models.CustomPortfolio)">
            <summary>
            删除组合
            </summary>
        </member>
        <member name="M:BinanceApps.WPF.CustomPortfolioWindow.BtnExportPortfolios_Click(System.Object,System.Windows.RoutedEventArgs)">
            <summary>
            导出组合按钮点击
            </summary>
        </member>
        <member name="M:BinanceApps.WPF.CustomPortfolioWindow.BtnImportPortfolios_Click(System.Object,System.Windows.RoutedEventArgs)">
            <summary>
            导入组合按钮点击
            </summary>
        </member>
        <member name="M:BinanceApps.WPF.CustomPortfolioWindow.InitializeComponent">
            <summary>
            InitializeComponent
            </summary>
        </member>
        <member name="T:BinanceApps.WPF.DashboardWindow">
            <summary>
            DashboardWindow
            </summary>
        </member>
        <member name="M:BinanceApps.WPF.DashboardWindow.LoadDashboardDataAsync">
            <summary>
            加载仪表板数据
            </summary>
        </member>
        <member name="M:BinanceApps.WPF.DashboardWindow.UpdateUI(BinanceApps.Core.Models.DashboardSummary)">
            <summary>
            更新UI显示
            </summary>
        </member>
        <member name="M:BinanceApps.WPF.DashboardWindow.UpdateTrendAnalysisUI(BinanceApps.Core.Models.MarketTrendAnalysis)">
            <summary>
            更新市场趋势综合分析区
            </summary>
        </member>
        <member name="M:BinanceApps.WPF.DashboardWindow.AddSignalItem(BinanceApps.Core.Models.SignalDetail)">
            <summary>
            添加信号项
            </summary>
        </member>
        <member name="M:BinanceApps.WPF.DashboardWindow.UpdatePositionDistributionUI(BinanceApps.Core.Models.PositionDistribution,System.DateTime)">
            <summary>
            更新高低价位置分布
            </summary>
        </member>
        <member name="M:BinanceApps.WPF.DashboardWindow.UpdateMarketDynamicsUI(BinanceApps.Core.Models.MarketDynamics,System.DateTime)">
            <summary>
            更新24H市场动态
            </summary>
        </member>
        <member name="M:BinanceApps.WPF.DashboardWindow.UpdateMaDistributionUI(BinanceApps.Core.Models.MaDistanceDistribution,System.DateTime)">
            <summary>
            更新均线距离分布
            </summary>
        </member>
        <member name="M:BinanceApps.WPF.DashboardWindow.ShowLoading(System.Boolean,System.String)">
            <summary>
            显示/隐藏加载遮罩
            </summary>
        </member>
        <member name="M:BinanceApps.WPF.DashboardWindow.BtnRefresh_Click(System.Object,System.Windows.RoutedEventArgs)">
            <summary>
            刷新按钮点击
            </summary>
        </member>
        <member name="M:BinanceApps.WPF.DashboardWindow.ChkAutoRefresh_Checked(System.Object,System.Windows.RoutedEventArgs)">
            <summary>
            自动刷新开启
            </summary>
        </member>
        <member name="M:BinanceApps.WPF.DashboardWindow.ChkAutoRefresh_Unchecked(System.Object,System.Windows.RoutedEventArgs)">
            <summary>
            自动刷新关闭
            </summary>
        </member>
        <member name="M:BinanceApps.WPF.DashboardWindow.UpdateVolumeRatioUI(System.Collections.Generic.List{BinanceApps.Core.Models.VolumeRatioItem},System.DateTime)">
            <summary>
            更新量比排行UI
            </summary>
        </member>
        <member name="M:BinanceApps.WPF.DashboardWindow.ContractText_MouseLeftButtonDown(System.Object,System.Windows.Input.MouseButtonEventArgs)">
            <summary>
            合约文本双击事件 - 复制合约符号到剪贴板
            </summary>
        </member>
        <member name="M:BinanceApps.WPF.DashboardWindow.Update30DayGainsUI(System.Collections.Generic.List{BinanceApps.Core.Models.PriceChangeFrom30DayLowItem},System.DateTime)">
            <summary>
            更新30天从最低价涨幅TOP20 UI
            </summary>
        </member>
        <member name="M:BinanceApps.WPF.DashboardWindow.Update30DayFallsUI(System.Collections.Generic.List{BinanceApps.Core.Models.PriceChangeFrom30DayHighItem},System.DateTime)">
            <summary>
            更新30天从最高价跌幅TOP20 UI
            </summary>
        </member>
        <member name="M:BinanceApps.WPF.DashboardWindow.InitializeComponent">
            <summary>
            InitializeComponent
            </summary>
        </member>
        <member name="T:BinanceApps.WPF.DataValidationWindow">
            <summary>
            数据验证窗口
            </summary>
            <summary>
            DataValidationWindow
            </summary>
        </member>
        <member name="M:BinanceApps.WPF.DataValidationWindow.InitializeUI">
            <summary>
            初始化界面
            </summary>
        </member>
        <member name="M:BinanceApps.WPF.DataValidationWindow.LoadData">
            <summary>
            加载数据
            </summary>
        </member>
        <member name="M:BinanceApps.WPF.DataValidationWindow.LoadKlineData">
            <summary>
            加载K线数据
            </summary>
        </member>
        <member name="M:BinanceApps.WPF.DataValidationWindow.LoadVolumeData">
            <summary>
            加载成交额数据
            </summary>
        </member>
        <member name="M:BinanceApps.WPF.DataValidationWindow.LoadStatistics">
            <summary>
            加载统计信息
            </summary>
        </member>
        <member name="M:BinanceApps.WPF.DataValidationWindow.DrawVolumeChart">
            <summary>
            绘制成交额趋势图
            </summary>
        </member>
        <member name="M:BinanceApps.WPF.DataValidationWindow.BtnExport_Click(System.Object,System.Windows.RoutedEventArgs)">
            <summary>
            导出数据按钮点击事件
            </summary>
        </member>
        <member name="M:BinanceApps.WPF.DataValidationWindow.ExportToCSV(System.String)">
            <summary>
            导出数据到CSV
            </summary>
        </member>
        <member name="M:BinanceApps.WPF.DataValidationWindow.BtnClose_Click(System.Object,System.Windows.RoutedEventArgs)">
            <summary>
            关闭按钮点击事件
            </summary>
        </member>
        <member name="M:BinanceApps.WPF.DataValidationWindow.OnRenderSizeChanged(System.Windows.SizeChangedInfo)">
            <summary>
            窗口大小改变事件
            </summary>
        </member>
        <member name="M:BinanceApps.WPF.DataValidationWindow.InitializeComponent">
            <summary>
            InitializeComponent
            </summary>
        </member>
        <member name="T:BinanceApps.WPF.VolumeData">
            <summary>
            成交额数据
            </summary>
        </member>
        <member name="T:BinanceApps.WPF.VolumeStatsData">
            <summary>
            成交额统计数据
            </summary>
        </member>
        <member name="T:BinanceApps.WPF.KlineDisplayData">
            <summary>
            K线显示数据
            </summary>
        </member>
        <member name="T:BinanceApps.WPF.FixedUpdateManager">
            <summary>
            修复下载 URL 问题的自定义更新管理器
            自动设置 HttpClient 的 BaseAddress 并输出详细调试信息
            </summary>
        </member>
        <member name="M:BinanceApps.WPF.FixedUpdateManager.SmartInstallUpdateAsync(RegisterSrv.AutoUpdate.UpdateInfo,System.String,System.String[])">
            <summary>
            智能安装更新：只覆盖需要更新的文件，保护配置文件
            </summary>
        </member>
        <member name="M:BinanceApps.WPF.FixedUpdateManager.GetFileHash(System.String)">
            <summary>
            计算文件哈希（用于比较文件是否相同）
            </summary>
        </member>
        <member name="T:BinanceApps.WPF.GroupEditorDialog">
            <summary>
            GroupEditorDialog
            </summary>
        </member>
        <member name="M:BinanceApps.WPF.GroupEditorDialog.InitializeComponent">
            <summary>
            InitializeComponent
            </summary>
        </member>
        <member name="T:BinanceApps.WPF.LicenseKeyStorage">
            <summary>
            注册码存储管理器 - 将注册码保存到 AppData 目录
            这样更新程序时不会影响注册码
            </summary>
        </member>
        <member name="M:BinanceApps.WPF.LicenseKeyStorage.SaveLicenseKey(System.String)">
            <summary>
            保存注册码
            </summary>
        </member>
        <member name="M:BinanceApps.WPF.LicenseKeyStorage.GetLicenseKey">
            <summary>
            读取注册码
            </summary>
        </member>
        <member name="M:BinanceApps.WPF.LicenseKeyStorage.DeleteLicenseKey">
            <summary>
            删除注册码
            </summary>
        </member>
        <member name="M:BinanceApps.WPF.LicenseKeyStorage.HasLicenseKey">
            <summary>
            检查是否存在注册码
            </summary>
        </member>
        <member name="M:BinanceApps.WPF.LicenseKeyStorage.GetStoragePath">
            <summary>
            获取存储路径（用于调试）
            </summary>
        </member>
        <member name="M:BinanceApps.WPF.LicenseKeyStorage.EncryptString(System.String)">
            <summary>
            简单加密（使用 Base64 + 固定密钥）
            注意：这不是高安全性加密，只是防止直接查看
            </summary>
        </member>
        <member name="M:BinanceApps.WPF.LicenseKeyStorage.DecryptString(System.String)">
            <summary>
            简单解密
            </summary>
        </member>
        <member name="M:BinanceApps.WPF.LicenseKeyStorage.GetMachineSpecificKey">
            <summary>
            获取机器相关的加密密钥
            </summary>
        </member>
        <member name="T:BinanceApps.WPF.LogWindow">
            <summary>
            LogWindow
            </summary>
        </member>
        <member name="M:BinanceApps.WPF.LogWindow.AddLog(System.String,BinanceApps.WPF.LogType)">
            <summary>
            添加日志条目
            </summary>
            <param name="message">日志消息</param>
            <param name="logType">日志类型</param>
        </member>
        <member name="M:BinanceApps.WPF.LogWindow.GetLogTypePrefix(BinanceApps.WPF.LogType)">
            <summary>
            获取日志类型前缀
            </summary>
        </member>
        <member name="M:BinanceApps.WPF.LogWindow.BtnClearLog_Click(System.Object,System.Windows.RoutedEventArgs)">
            <summary>
            清空日志
            </summary>
        </member>
        <member name="M:BinanceApps.WPF.LogWindow.BtnCopyLog_Click(System.Object,System.Windows.RoutedEventArgs)">
            <summary>
            复制日志到剪贴板
            </summary>
        </member>
        <member name="M:BinanceApps.WPF.LogWindow.BtnSaveLog_Click(System.Object,System.Windows.RoutedEventArgs)">
            <summary>
            保存日志到文件
            </summary>
        </member>
        <member name="M:BinanceApps.WPF.LogWindow.ClearAllLogs">
            <summary>
            清空所有日志
            </summary>
        </member>
        <member name="M:BinanceApps.WPF.LogWindow.LogWindow_Closing(System.Object,System.ComponentModel.CancelEventArgs)">
            <summary>
            日志窗口关闭事件处理
            </summary>
        </member>
        <member name="M:BinanceApps.WPF.LogWindow.InitializeComponent">
            <summary>
            InitializeComponent
            </summary>
        </member>
        <member name="T:BinanceApps.WPF.LogType">
            <summary>
            日志类型枚举
            </summary>
        </member>
        <member name="T:BinanceApps.WPF.MaDistanceParameters">
            <summary>
            参数配置
            </summary>
        </member>
        <member name="T:BinanceApps.WPF.MaDistanceWindow">
            <summary>
            MaDistanceWindow
            </summary>
        </member>
        <member name="M:BinanceApps.WPF.MaDistanceWindow.LoadParameters">
            <summary>
            加载保存的参数
            </summary>
        </member>
        <member name="M:BinanceApps.WPF.MaDistanceWindow.SaveParameters(System.Int32,System.Decimal)">
            <summary>
            保存参数
            </summary>
        </member>
        <member name="M:BinanceApps.WPF.MaDistanceWindow.TryLoadTodayDataAsync">
            <summary>
            尝试加载今天的历史数据
            </summary>
        </member>
        <member name="M:BinanceApps.WPF.MaDistanceWindow.BtnCalculate_Click(System.Object,System.Windows.RoutedEventArgs)">
            <summary>
            计算按钮点击
            </summary>
        </member>
        <member name="M:BinanceApps.WPF.MaDistanceWindow.CalculateAsync">
            <summary>
            执行计算
            </summary>
        </member>
        <member name="M:BinanceApps.WPF.MaDistanceWindow.DisplayResult(BinanceApps.Core.Models.MaDistanceAnalysisResult)">
            <summary>
            显示计算结果
            </summary>
        </member>
        <member name="M:BinanceApps.WPF.MaDistanceWindow.DisplayQuadrantData(System.Windows.Controls.StackPanel,System.Collections.Generic.List{BinanceApps.Core.Models.MaDistanceData},BinanceApps.Core.Models.MaDistanceZone)">
            <summary>
            显示象限数据
            </summary>
        </member>
        <member name="M:BinanceApps.WPF.MaDistanceWindow.CreateTableHeader(BinanceApps.Core.Models.MaDistanceZone)">
            <summary>
            创建表头
            </summary>
        </member>
        <member name="M:BinanceApps.WPF.MaDistanceWindow.AddHeaderText(System.Windows.Controls.Grid,System.String,System.Int32,System.Boolean,System.String,BinanceApps.Core.Models.MaDistanceZone)">
            <summary>
            添加表头文本
            </summary>
        </member>
        <member name="M:BinanceApps.WPF.MaDistanceWindow.OnHeaderClick(System.String,BinanceApps.Core.Models.MaDistanceZone)">
            <summary>
            表头点击排序
            </summary>
        </member>
        <member name="M:BinanceApps.WPF.MaDistanceWindow.ApplySorting(System.Collections.Generic.List{BinanceApps.Core.Models.MaDistanceData},BinanceApps.Core.Models.MaDistanceZone)">
            <summary>
            应用排序
            </summary>
        </member>
        <member name="M:BinanceApps.WPF.MaDistanceWindow.CreateDataRow(BinanceApps.Core.Models.MaDistanceData,System.Int32,BinanceApps.Core.Models.MaDistanceZone)">
            <summary>
            创建数据行
            </summary>
        </member>
        <member name="M:BinanceApps.WPF.MaDistanceWindow.AddCellText(System.Windows.Controls.Grid,System.String,System.Int32,System.Windows.Media.Color,System.Boolean)">
            <summary>
            添加单元格文本
            </summary>
        </member>
        <member name="M:BinanceApps.WPF.MaDistanceWindow.LoadHistoryDistributionsAsync(System.Int32,System.Decimal)">
            <summary>
            加载历史分布数据
            </summary>
        </member>
        <member name="M:BinanceApps.WPF.MaDistanceWindow.CreateHistoryHeader(System.Decimal)">
            <summary>
            创建历史表头
            </summary>
        </member>
        <member name="M:BinanceApps.WPF.MaDistanceWindow.AddHistoryHeaderText(System.Windows.Controls.Grid,System.String,System.Int32)">
            <summary>
            添加历史表头文本
            </summary>
        </member>
        <member name="M:BinanceApps.WPF.MaDistanceWindow.CreateHistoryRow(BinanceApps.Core.Models.DailyMaDistribution,System.Decimal,System.Decimal)">
            <summary>
            创建历史数据行
            </summary>
        </member>
        <member name="M:BinanceApps.WPF.MaDistanceWindow.GetHeatmapColor(System.Int32,System.Int32)">
            <summary>
            获取热力图颜色（从白色到红色）
            </summary>
        </member>
        <member name="M:BinanceApps.WPF.MaDistanceWindow.GetVolumeHeatmapColor(System.Decimal,System.Decimal,System.Decimal)">
            <summary>
            获取成交额热力图颜色（从白色到蓝色）
            </summary>
        </member>
        <member name="M:BinanceApps.WPF.MaDistanceWindow.AddHistoryCellText(System.Windows.Controls.Grid,System.String,System.Int32,System.Windows.Media.Color,System.Windows.Media.Color)">
            <summary>
            添加历史单元格文本
            </summary>
        </member>
        <member name="M:BinanceApps.WPF.MaDistanceWindow.BtnRecalculateHistory_Click(System.Object,System.Windows.RoutedEventArgs)">
            <summary>
            重新计算历史数据按钮点击
            </summary>
        </member>
        <member name="M:BinanceApps.WPF.MaDistanceWindow.GenerateHistoricalDataAsync(System.Int32,System.Decimal,System.Boolean)">
            <summary>
            生成过去30天的历史数据
            </summary>
        </member>
        <member name="M:BinanceApps.WPF.MaDistanceWindow.InitializeComponent">
            <summary>
            InitializeComponent
            </summary>
        </member>
        <member name="T:BinanceApps.WPF.MainWindow">
            <summary>
            MainWindow
            </summary>
        </member>
        <member name="M:BinanceApps.WPF.MainWindow.ReinitializeApiAsync">
            <summary>
            重新初始化API客户端（用于配置更改后）
            </summary>
        </member>
        <member name="M:BinanceApps.WPF.MainWindow.LoadHighLowAnalysisConfig">
            <summary>
            加载高低价分析配置
            </summary>
        </member>
        <member name="M:BinanceApps.WPF.MainWindow.LoadAmplitudeAnalysisConfig">
            <summary>
            加载振幅分析配置
            </summary>
        </member>
        <member name="M:BinanceApps.WPF.MainWindow.LoadAdvancedFilterConfig">
            <summary>
            加载高级筛选配置
            </summary>
        </member>
        <member name="M:BinanceApps.WPF.MainWindow.InitializeSupplyDataServiceAsync">
            <summary>
            初始化发行量数据服务
            </summary>
        </member>
        <member name="M:BinanceApps.WPF.MainWindow.GenerateSimulatedData">
            <summary>
            生成模拟数据
            </summary>
        </member>
        <member name="M:BinanceApps.WPF.MainWindow.GenerateSimulatedSymbols">
            <summary>
            生成模拟合约信息
            </summary>
        </member>
        <member name="M:BinanceApps.WPF.MainWindow.GenerateSimulatedTicks">
            <summary>
            生成模拟价格统计
            </summary>
        </member>
        <member name="M:BinanceApps.WPF.MainWindow.LoadDataFromBinance">
            <summary>
            从币安交易所获取可交易的USDT永续合约数据
            基于币安官方API文档：https://developers.binance.com/docs/zh-CN/binance-spot-api-docs/rest-api/market-data-endpoints
            </summary>
        </member>
        <member name="M:BinanceApps.WPF.MainWindow.FormatPrice(System.Decimal)">
            <summary>
            智能价格格式化：根据价格大小自动调整小数位数
            </summary>
            <param name="price">价格</param>
            <returns>格式化后的价格字符串</returns>
        </member>
        <member name="M:BinanceApps.WPF.MainWindow.BtnViewLogs_Click(System.Object,System.Windows.RoutedEventArgs)">
            <summary>
            查看日志按钮点击事件
            </summary>
        </member>
        <member name="T:BinanceApps.WPF.MainWindow.HighLowData">
            <summary>
            高低价数据模型
            </summary>
        </member>
        <member name="M:BinanceApps.WPF.MainWindow.StartMarketMonitoring">
            <summary>
            启动市场监控
            </summary>
        </member>
        <member name="M:BinanceApps.WPF.MainWindow.StopMarketMonitoring">
            <summary>
            停止市场监控
            </summary>
        </member>
        <member name="M:BinanceApps.WPF.MainWindow.CopySymbolToClipboard(System.String)">
            <summary>
            复制合约名到剪贴板
            </summary>
        </member>
        <member name="M:BinanceApps.WPF.MainWindow.ShowTemporaryMessage(System.String)">
            <summary>
            显示临时消息提示
            </summary>
        </member>
        <member name="M:BinanceApps.WPF.MainWindow.BtnApiSettings_Click(System.Object,System.Windows.RoutedEventArgs)">
            <summary>
            API设置按钮点击事件
            </summary>
        </member>
        <member name="M:BinanceApps.WPF.MainWindow.BtnReconnectApi_Click(System.Object,System.Windows.RoutedEventArgs)">
            <summary>
            手动重新连接API按钮点击事件
            </summary>
        </member>
        <member name="M:BinanceApps.WPF.MainWindow.FetchKlineDataAsync">
            <summary>
            获取所有合约的K线数据
            </summary>
        </member>
        <member name="M:BinanceApps.WPF.MainWindow.CalculateHighLowPricesAsync">
            <summary>
            计算所有合约的N天高低价数据
            </summary>
            <remarks>
            ⚠️ 已废弃：此方法使用固定时间范围计算，导致历史数据会随时间变化。
            请使用 CalculateLocationDataForDateAsync() 替代，为每个日期计算独立的最高最低价。
            </remarks>
        </member>
        <member name="M:BinanceApps.WPF.MainWindow.SaveHighLowDataToFileAsync">
            <summary>
            保存高低价数据到本地文件
            </summary>
        </member>
        <member name="M:BinanceApps.WPF.MainWindow.LoadHighLowDataFromFileAsync">
            <summary>
            从本地文件加载高低价数据
            </summary>
        </member>
        <member name="M:BinanceApps.WPF.MainWindow.CalculateLocationRatiosAsync(System.Threading.CancellationToken)">
            <summary>
            计算位置比例
            </summary>
            <remarks>
            ⚠️ 已废弃：此方法依赖于 CalculateHighLowPricesAsync() 的固定时间范围。
            请使用 CalculateLocationDataForDateAsync() 替代。
            </remarks>
        </member>
        <member name="M:BinanceApps.WPF.MainWindow.FilterLocationData(System.Decimal,System.Decimal)">
            <summary>
            按位置比例范围筛选数据
            </summary>
        </member>
        <member name="M:BinanceApps.WPF.MainWindow.BtnMarketVolatility_Click(System.Object,System.Windows.RoutedEventArgs)">
            <summary>
            读取K线数据按钮点击事件
            </summary>
            <summary>
            市场波动率一览按钮点击事件
            </summary>
        </member>
        <member name="M:BinanceApps.WPF.MainWindow.BtnFetchKlineData_Click(System.Object,System.Windows.RoutedEventArgs)">
            <summary>
            获取K线数据按钮点击事件
            </summary>
        </member>
        <member name="M:BinanceApps.WPF.MainWindow.BtnCalculateHighLow_Click(System.Object,System.Windows.RoutedEventArgs)">
            <summary>
            计算高低价按钮点击事件（整合K线读取功能）
            </summary>
        </member>
        <member name="M:BinanceApps.WPF.MainWindow.BtnExportHighLow_Click(System.Object,System.Windows.RoutedEventArgs)">
            <summary>
            导出数据按钮点击事件
            </summary>
        </member>
        <member name="M:BinanceApps.WPF.MainWindow.BtnAdvancedFilter_Click(System.Object,System.Windows.RoutedEventArgs)">
            <summary>
            高级筛选工具按钮点击事件
            </summary>
        </member>
        <member name="M:BinanceApps.WPF.MainWindow.CreateWelcomePanel(System.String,System.String)">
            <summary>
            创建欢迎面板
            </summary>
        </member>
        <member name="M:BinanceApps.WPF.MainWindow.CreateLoadingPanel(System.String)">
            <summary>
            创建加载面板
            </summary>
        </member>
        <member name="M:BinanceApps.WPF.MainWindow.DisplayLocationDataAsync">
            <summary>
            显示位置比例数据
            </summary>
        </member>
        <member name="M:BinanceApps.WPF.MainWindow.CreateMarketPositionHistoryPanelAsync">
            <summary>
            创建市场位置变化历史面板
            </summary>
        </member>
        <member name="M:BinanceApps.WPF.MainWindow.CreateColoredCellTemplate(System.String)">
            <summary>
            创建带颜色渐变的单元格模板
            </summary>
        </member>
        <member name="M:BinanceApps.WPF.MainWindow.CreateDateCellTemplate(System.String)">
            <summary>
            创建日期单元格模板
            </summary>
        </member>
        <member name="M:BinanceApps.WPF.MainWindow.CalculateLocationDataForDateAsync(System.DateTime,System.Int32)">
            <summary>
            为指定日期计算位置数据（供MarketPositionService调用）
            </summary>
            <remarks>
            ✅ 正确的计算逻辑：
            1. 对于任何历史日期，使用该日期前N天的数据计算最高最低价
            2. 历史数据是固定的，不会随着今天的时间推移而变化
            3. 例如：计算2024-01-15的位置（N=20天）：
               - 使用 2023-12-27 至 2024-01-15 的数据
               - 这个范围永远不会变
            </remarks>
        </member>
        <member name="M:BinanceApps.WPF.MainWindow.DisplayFilteredLocationData(System.Collections.Generic.List{BinanceApps.Core.Models.LocationData},System.Decimal,System.Decimal)">
            <summary>
            显示筛选后的位置比例数据
            </summary>
        </member>
        <member name="M:BinanceApps.WPF.MainWindow.CreateLocationDataGrid(System.Collections.Generic.List{BinanceApps.Core.Models.LocationData})">
            <summary>
            创建位置比例数据表格 - 使用ListView替代Grid
            </summary>
        </member>
        <member name="M:BinanceApps.WPF.MainWindow.CreatePositionPanel(System.String,System.Collections.Generic.List{BinanceApps.Core.Models.LocationData},System.Windows.Media.Color)">
            <summary>
            创建位置分类的面板
            </summary>
        </member>
        <member name="M:BinanceApps.WPF.MainWindow.ExportLocationDataToCsv(System.String)">
            <summary>
            导出位置比例数据到CSV
            </summary>
        </member>
        <member name="M:BinanceApps.WPF.MainWindow.GetKlineDataWithRetry(System.String,System.DateTime,System.DateTime,System.Threading.CancellationToken,System.Int32)">
            <summary>
            带重试机制的K线数据获取
            </summary>
        </member>
        <member name="M:BinanceApps.WPF.MainWindow.LoadAllKlineDataAsync">
            <summary>
            读取所有K线数据文件到缓存
            </summary>
        </member>
        <member name="M:BinanceApps.WPF.MainWindow.AnalyzeContractDataAsync">
            <summary>
            分析合约数据，计算高低价和位置比例
            </summary>
        </member>
        <member name="M:BinanceApps.WPF.MainWindow.CreateSortableHeader(System.String,System.String)">
            <summary>
            创建可排序的表头
            </summary>
        </member>
        <member name="M:BinanceApps.WPF.MainWindow.CreateSortableHeaderForLocation(System.String,System.String)">
            <summary>
            创建位置比例数据的可排序表头
            </summary>
        </member>
        <member name="M:BinanceApps.WPF.MainWindow.SortLocationListView(System.String)">
            <summary>
            排序位置比例ListView数据
            </summary>
        </member>
        <member name="M:BinanceApps.WPF.MainWindow.SortListView(System.String)">
            <summary>
            排序ListView数据
            </summary>
        </member>
        <member name="M:BinanceApps.WPF.MainWindow.DisplayContractAnalysisAsync(System.Int32,System.Int32)">
            <summary>
            显示合约分析结果（分页）
            </summary>
        </member>
        <member name="M:BinanceApps.WPF.MainWindow.GetLocationColor(System.Decimal)">
            <summary>
            根据位置比例获取颜色
            </summary>
        </member>
        <member name="M:BinanceApps.WPF.MainWindow.StartForceExitMechanism">
            <summary>
            启动强制退出机制
            </summary>
        </member>
        <member name="M:BinanceApps.WPF.MainWindow.UpdateLicenseStatusAsync">
            <summary>
            更新许可证状态显示
            </summary>
        </member>
        <member name="M:BinanceApps.WPF.MainWindow.MenuItem_Register_Click(System.Object,System.Windows.RoutedEventArgs)">
            <summary>
            菜单 - 注册软件
            </summary>
        </member>
        <member name="M:BinanceApps.WPF.MainWindow.MenuItem_CheckUpdate_Click(System.Object,System.Windows.RoutedEventArgs)">
            <summary>
            菜单 - 检查更新
            </summary>
        </member>
        <member name="M:BinanceApps.WPF.MainWindow.MenuItem_About_Click(System.Object,System.Windows.RoutedEventArgs)">
            <summary>
            菜单 - 关于
            </summary>
        </member>
        <member name="M:BinanceApps.WPF.MainWindow.MenuItem_Exit_Click(System.Object,System.Windows.RoutedEventArgs)">
            <summary>
            菜单 - 退出
            </summary>
        </member>
        <member name="M:BinanceApps.WPF.MainWindow.MenuItem_CustomPortfolio_Click(System.Object,System.Windows.RoutedEventArgs)">
            <summary>
            菜单 - 自定义板块监控
            </summary>
        </member>
        <member name="M:BinanceApps.WPF.MainWindow.BtnDashboard_Click(System.Object,System.Windows.RoutedEventArgs)">
            <summary>
            按钮 - 综合信息仪表板
            </summary>
        </member>
        <member name="M:BinanceApps.WPF.MainWindow.BtnMarketDistribution_Click(System.Object,System.Windows.RoutedEventArgs)">
            <summary>
            市场每日涨幅分布按钮点击事件
            </summary>
        </member>
        <member name="M:BinanceApps.WPF.MainWindow.BtnMaDistance_Click(System.Object,System.Windows.RoutedEventArgs)">
            <summary>
            按钮 - 展示均线距离
            </summary>
        </member>
        <member name="M:BinanceApps.WPF.MainWindow.MenuItem_ServerSettings_Click(System.Object,System.Windows.RoutedEventArgs)">
            <summary>
            菜单 - 服务器设置
            </summary>
        </member>
        <member name="M:BinanceApps.WPF.MainWindow.GetApplicationVersion">
            <summary>
            获取应用程序版本
            </summary>
        </member>
        <member name="M:BinanceApps.WPF.MainWindow.CloseAllChildWindows">
            <summary>
            关闭所有子窗口
            </summary>
        </member>
        <member name="M:BinanceApps.WPF.MainWindow.MainWindow_Closing(System.Object,System.ComponentModel.CancelEventArgs)">
            <summary>
            主窗口关闭事件处理
            </summary>
        </member>
        <member name="M:BinanceApps.WPF.MainWindow.CreatePaginationPanel(System.Int32,System.Int32,System.Action{System.Int32})">
            <summary>
            创建分页控件
            </summary>
        </member>
        <member name="M:BinanceApps.WPF.MainWindow.ShowAdvancedFilterDialog">
            <summary>
            显示高级筛选对话框
            </summary>
        </member>
        <member name="M:BinanceApps.WPF.MainWindow.CreateAdvancedFilterInputPanel">
            <summary>
            创建高级筛选输入面板
            </summary>
        </member>
        <member name="M:BinanceApps.WPF.MainWindow.CreateAdvancedFilterButtonPanel(System.Windows.Window)">
            <summary>
            创建高级筛选按钮面板
            </summary>
        </member>
        <member name="M:BinanceApps.WPF.MainWindow.CreateAdvancedFilterResultPanel">
            <summary>
            创建高级筛选结果展示面板
            </summary>
        </member>
        <member name="M:BinanceApps.WPF.MainWindow.ExecuteAdvancedSearch(System.Windows.Window)">
            <summary>
            执行高级搜索
            </summary>
        </member>
        <member name="M:BinanceApps.WPF.MainWindow.ExecuteAdvancedFilter(System.Int32,System.Decimal,System.Int32,System.Collections.Generic.List{System.String})">
            <summary>
            执行高级筛选
            </summary>
        </member>
        <member name="M:BinanceApps.WPF.MainWindow.AnalyzeContract(BinanceApps.Core.Models.LocationData,System.Int32,System.Decimal,System.Int32)">
            <summary>
            分析单个合约
            </summary>
        </member>
        <member name="M:BinanceApps.WPF.MainWindow.DisplayAdvancedFilterResults(System.Collections.Generic.List{BinanceApps.WPF.AdvancedFilterResult},System.Windows.Window)">
            <summary>
            显示高级筛选结果
            </summary>
        </member>
        <member name="M:BinanceApps.WPF.MainWindow.CopyResultsToClipboard(System.Windows.Controls.ListView)">
            <summary>
            复制结果到剪贴板
            </summary>
        </member>
        <member name="M:BinanceApps.WPF.MainWindow.SelectAllResults(System.Windows.Controls.ListView)">
            <summary>
            全选结果
            </summary>
        </member>
        <member name="M:BinanceApps.WPF.MainWindow.ResultListView_MouseDoubleClick(System.Object,System.Windows.Input.MouseButtonEventArgs)">
            <summary>
            筛选结果列表双击事件处理
            </summary>
        </member>
        <member name="M:BinanceApps.WPF.MainWindow.OpenDataValidationWindow(BinanceApps.WPF.AdvancedFilterResult)">
            <summary>
            打开数据验证窗口
            </summary>
        </member>
        <member name="M:BinanceApps.WPF.MainWindow.GetKlineDataForSymbol(System.String)">
            <summary>
            获取指定交易对的K线数据
            </summary>
        </member>
        <member name="M:BinanceApps.WPF.MainWindow.CalculateMarketVolatilityAsync">
            <summary>
            计算市场波动率
            </summary>
        </member>
        <member name="M:BinanceApps.WPF.MainWindow.DisplayMarketVolatility(System.Collections.Generic.List{BinanceApps.WPF.MarketVolatilityData})">
            <summary>
            显示市场波动率
            </summary>
        </member>
        <member name="M:BinanceApps.WPF.MainWindow.CreateVolumeChartPanelAsync(System.Collections.Generic.List{BinanceApps.WPF.MarketVolatilityData})">
            <summary>
            创建成交额变化柱状图面板
            </summary>
        </member>
        <member name="M:BinanceApps.WPF.MainWindow.GetCurrent24HTotalVolumeAsync">
            <summary>
            获取当前24H总成交额
            </summary>
        </member>
        <member name="M:BinanceApps.WPF.MainWindow.DrawVolumeChartAsync(System.Windows.Controls.Canvas,System.Collections.Generic.List{BinanceApps.WPF.MarketVolatilityData},System.Decimal,System.Double,System.Double)">
            <summary>
            绘制成交额图表（响应式）
            </summary>
        </member>
        <member name="M:BinanceApps.WPF.MainWindow.Calculate5DayMovingAverage(System.Collections.Generic.List{BinanceApps.WPF.MarketVolatilityData})">
            <summary>
            计算5日移动平均
            </summary>
        </member>
        <member name="M:BinanceApps.WPF.MainWindow.DrawVolumeGridLines(System.Windows.Controls.Canvas,System.Double,System.Double,System.Double,System.Double,System.Decimal,System.Decimal)">
            <summary>
            绘制网格线
            </summary>
        </member>
        <member name="M:BinanceApps.WPF.MainWindow.DrawVolumeBars(System.Windows.Controls.Canvas,System.Collections.Generic.List{BinanceApps.WPF.MarketVolatilityData},System.Double,System.Double,System.Double,System.Double,System.Decimal,System.Decimal)">
            <summary>
            绘制柱状图
            </summary>
        </member>
        <member name="M:BinanceApps.WPF.MainWindow.DrawMovingAverageLine(System.Windows.Controls.Canvas,System.Collections.Generic.List{System.Decimal},System.Double,System.Double,System.Double,System.Double,System.Decimal,System.Decimal)">
            <summary>
            绘制5日移动平均线
            </summary>
        </member>
        <member name="M:BinanceApps.WPF.MainWindow.DrawVolumeAxisLabels(System.Windows.Controls.Canvas,System.Collections.Generic.List{BinanceApps.WPF.MarketVolatilityData},System.Double,System.Double,System.Double,System.Double,System.Decimal,System.Decimal)">
            <summary>
            绘制坐标轴标签
            </summary>
        </member>
        <member name="M:BinanceApps.WPF.MainWindow.CreateMarketInfoPanelAsync(System.Decimal)">
            <summary>
            创建市场信息面板
            </summary>
        </member>
        <member name="M:BinanceApps.WPF.MainWindow.CreateMarketHeatCard(System.Decimal)">
            <summary>
            创建市场热度卡片
            </summary>
        </member>
        <member name="M:BinanceApps.WPF.MainWindow.CreateWebsiteLinkCard">
            <summary>
            创建网站链接卡片
            </summary>
        </member>
        <member name="M:BinanceApps.WPF.MainWindow.CreateVolumeLegendPanel">
            <summary>
            创建图例面板
            </summary>
        </member>
        <member name="M:BinanceApps.WPF.MainWindow.CreateStatBox(System.String,System.String)">
            <summary>
            创建统计信息框
            </summary>
        </member>
        <member name="M:BinanceApps.WPF.MainWindow.CreateVolatilityBlock(BinanceApps.WPF.MarketVolatilityData,System.Collections.Generic.List{BinanceApps.WPF.MarketVolatilityData})">
            <summary>
            创建波动率方块
            </summary>
        </member>
        <member name="M:BinanceApps.WPF.MainWindow.CreateBtcChangeChart(BinanceApps.WPF.MarketVolatilityData,System.Collections.Generic.List{BinanceApps.WPF.MarketVolatilityData})">
            <summary>
            创建比特币涨跌幅横向柱状图
            </summary>
        </member>
        <member name="M:BinanceApps.WPF.MainWindow.GetVolatilityColor(System.Double)">
            <summary>
            根据波动率获取颜色 - 白色到淡红色，逐渐加深到大红色
            白色代表最低波动，大红色代表最高波动，平滑的红色渐变
            </summary>
        </member>
        <member name="M:BinanceApps.WPF.MainWindow.GetTextColor(System.Windows.Media.Color)">
            <summary>
            根据背景颜色计算合适的文字颜色
            白色背景使用黑色文字，红色背景使用白色文字
            </summary>
        </member>
        <member name="M:BinanceApps.WPF.MainWindow.ShowVolatilityDetails(BinanceApps.WPF.MarketVolatilityData)">
            <summary>
            显示波动率详细信息
            </summary>
        </member>
        <member name="M:BinanceApps.WPF.MainWindow.CreateBarChart(System.String,System.Int32,System.Int32,System.Int32,System.Windows.Media.Color,System.Int32)">
            <summary>
            创建单个柱状图
            </summary>
        </member>
        <member name="M:BinanceApps.WPF.MainWindow.CreateHorizontalBarChart(System.String,System.Int32,System.Int32,System.Int32,System.Windows.Media.Color,System.Int32)">
            <summary>
            创建横向排列的柱状图（用于右侧30%宽度）
            </summary>
        </member>
        <member name="M:BinanceApps.WPF.MainWindow.CreateChartLegend(System.Int32,System.Int32,System.Int32,System.Int32,System.Int32)">
            <summary>
            创建图表图例
            </summary>
        </member>
        <member name="M:BinanceApps.WPF.MainWindow.Display24HMarketDataAsync">
            <summary>
            显示24H行情数据
            </summary>
        </member>
        <member name="M:BinanceApps.WPF.MainWindow.Get24HTickerDataAsync">
            <summary>
            获取24H ticker数据，过滤掉不可交易的合约
            </summary>
        </member>
        <member name="M:BinanceApps.WPF.MainWindow.GetYesterdayVolumeDataAsync(System.Collections.Generic.List{BinanceApps.WPF.Market24HData})">
            <summary>
            获取昨日成交量数据用于对比
            </summary>
        </member>
        <member name="M:BinanceApps.WPF.MainWindow.Create24HMarketPanel(System.Collections.Generic.List{BinanceApps.WPF.Market24HData},System.Collections.Generic.Dictionary{System.String,System.Decimal})">
            <summary>
            创建24H行情显示面板
            </summary>
        </member>
        <member name="M:BinanceApps.WPF.MainWindow.Create24HStatsPanel(System.Collections.Generic.List{BinanceApps.WPF.Market24HData})">
            <summary>
            创建24H统计面板
            </summary>
        </member>
        <member name="M:BinanceApps.WPF.MainWindow.Create24HRankingPanel(System.Collections.Generic.List{BinanceApps.WPF.Market24HData})">
            <summary>
            创建24H涨跌幅排行榜面板
            </summary>
        </member>
        <member name="M:BinanceApps.WPF.MainWindow.Create24HRankingList(System.String,System.Collections.Generic.List{BinanceApps.WPF.Market24HData},System.Windows.Media.Color)">
            <summary>
            创建24H排行榜列表
            </summary>
        </member>
        <member name="M:BinanceApps.WPF.MainWindow.CalculatePast10DaysAvgVolume(System.String)">
            <summary>
            计算过去10天平均成交额（不含当日）
            </summary>
        </member>
        <member name="M:BinanceApps.WPF.MainWindow.CreateVolumeGrowthPanel(System.Collections.Generic.List{BinanceApps.WPF.Market24HData},System.Collections.Generic.Dictionary{System.String,System.Decimal})">
            <summary>
            创建成交额放量排行榜面板
            </summary>
        </member>
        <member name="M:BinanceApps.WPF.MainWindow.CreateSortableColumn(System.String,System.String,System.Double,System.String)">
            <summary>
            创建可排序的列
            </summary>
        </member>
        <member name="M:BinanceApps.WPF.MainWindow.SortVolumeData(System.String)">
            <summary>
            排序放量数据
            </summary>
        </member>
        <member name="M:BinanceApps.WPF.MainWindow.UpdateColumnHeaders">
            <summary>
            更新列头显示排序状态
            </summary>
        </member>
        <member name="M:BinanceApps.WPF.MainWindow.GetColumnProperty(System.String)">
            <summary>
            根据列头文本获取对应的属性名
            </summary>
        </member>
        <member name="M:BinanceApps.WPF.MainWindow.BtnPriceSpeedRanking_Click(System.Object,System.Windows.RoutedEventArgs)">
            <summary>
            涨速排行榜按钮点击事件
            </summary>
        </member>
        <member name="M:BinanceApps.WPF.MainWindow.CreatePriceSpeedRankingPanel">
            <summary>
            创建涨速排行榜面板
            </summary>
        </member>
        <member name="M:BinanceApps.WPF.MainWindow.CreateSpeedRankingControlPanel">
            <summary>
            创建控制面板
            </summary>
        </member>
        <member name="M:BinanceApps.WPF.MainWindow.CreateRiseRankingPanel">
            <summary>
            创建涨幅排行板块
            </summary>
        </member>
        <member name="M:BinanceApps.WPF.MainWindow.CreateFallRankingPanel">
            <summary>
            创建跌幅排行板块
            </summary>
        </member>
        <member name="M:BinanceApps.WPF.MainWindow.StartPriceSpeedMonitoring(System.Windows.Controls.TextBox)">
            <summary>
            启动涨速监控
            </summary>
        </member>
        <member name="M:BinanceApps.WPF.MainWindow.StopPriceSpeedMonitoring">
            <summary>
            停止涨速监控
            </summary>
        </member>
        <member name="M:BinanceApps.WPF.MainWindow.ResetRankingCounts">
            <summary>
            清零统计次数
            </summary>
        </member>
        <member name="M:BinanceApps.WPF.MainWindow.ManualResetRankingCounts">
            <summary>
            手工重置排行榜
            </summary>
        </member>
        <member name="M:BinanceApps.WPF.MainWindow.ResetRankingCountsInternal(System.String)">
            <summary>
            内部重置方法
            </summary>
        </member>
        <member name="M:BinanceApps.WPF.MainWindow.StartDailyResetTimer">
            <summary>
            启动每日自动重置定时器
            </summary>
        </member>
        <member name="M:BinanceApps.WPF.MainWindow.DailyResetCallback(System.Object)">
            <summary>
            每日重置回调
            </summary>
        </member>
        <member name="M:BinanceApps.WPF.MainWindow.StopDailyResetTimer">
            <summary>
            停止每日自动重置定时器
            </summary>
        </member>
        <member name="M:BinanceApps.WPF.MainWindow.UpdateLastResetTimeDisplay">
            <summary>
            更新上次重置时间显示
            </summary>
        </member>
        <member name="M:BinanceApps.WPF.MainWindow.UpdateMonitorStatus(System.String,System.Windows.Media.Color)">
            <summary>
            更新监控状态显示
            </summary>
        </member>
        <member name="M:BinanceApps.WPF.MainWindow.UpdatePriceSpeedRanking(System.Object)">
            <summary>
            更新涨速排行榜
            </summary>
        </member>
        <member name="M:BinanceApps.WPF.MainWindow.CalculatePriceChanges(System.Collections.Generic.Dictionary{System.String,System.Decimal})">
            <summary>
            计算价格变化
            </summary>
        </member>
        <member name="M:BinanceApps.WPF.MainWindow.UpdateCurrentRankingDisplay(System.Collections.Generic.List{System.Collections.Generic.KeyValuePair{System.String,System.Decimal}},System.Collections.Generic.List{System.Collections.Generic.KeyValuePair{System.String,System.Decimal}},System.Collections.Generic.List{BinanceApps.WPF.Market24HData})">
            <summary>
            更新当前排行榜显示
            </summary>
        </member>
        <member name="M:BinanceApps.WPF.MainWindow.CalculatePricePosition(System.String,BinanceApps.WPF.Market24HData)">
            <summary>
            计算价格位置百分比
            </summary>
        </member>
        <member name="M:BinanceApps.WPF.MainWindow.UpdateRankingCountsDisplay">
            <summary>
            更新上榜次数显示
            </summary>
        </member>
        <member name="M:BinanceApps.WPF.MainWindow.FindListViewByName(System.String)">
            <summary>
            根据名称查找ListView
            </summary>
        </member>
        <member name="M:BinanceApps.WPF.MainWindow.FindListViewInElement(System.Windows.DependencyObject,System.String)">
            <summary>
            在元素中递归查找ListView
            </summary>
        </member>
        <member name="T:BinanceApps.WPF.MainWindow.SpeedRankingItem">
            <summary>
            涨速排行榜项目
            </summary>
        </member>
        <member name="T:BinanceApps.WPF.MainWindow.RankingCountItem">
            <summary>
            上榜次数统计项目
            </summary>
        </member>
        <member name="M:BinanceApps.WPF.MainWindow.CopySymbolFromListView(System.Windows.Controls.ListView)">
            <summary>
            从ListView复制合约名到剪贴板
            </summary>
        </member>
        <member name="M:BinanceApps.WPF.MainWindow.CreateAmplitudeAnalysisPanel">
            <summary>
            创建振幅波动分析面板
            </summary>
        </member>
        <member name="M:BinanceApps.WPF.MainWindow.CreateAmplitudeControlPanel">
            <summary>
            创建振幅波动控制面板
            </summary>
        </member>
        <member name="M:BinanceApps.WPF.MainWindow.BtnCalculateAmplitude_Click(System.Object,System.Windows.RoutedEventArgs)">
            <summary>
            计算振幅波动按钮点击事件
            </summary>
        </member>
        <member name="M:BinanceApps.WPF.MainWindow.FindChildByName``1(System.Windows.DependencyObject,System.String)">
            <summary>
            查找子控件
            </summary>
        </member>
        <member name="M:BinanceApps.WPF.MainWindow.ShowDaysInputDialog">
            <summary>
            显示天数输入对话框
            </summary>
        </member>
        <member name="M:BinanceApps.WPF.MainWindow.CreatePriceChangeStatsPanel">
            <summary>
            创建涨跌数据统计面板
            </summary>
        </member>
        <member name="M:BinanceApps.WPF.MainWindow.CalculatePriceChangeStatsAsync">
            <summary>
            计算涨跌统计数据
            </summary>
        </member>
        <member name="M:BinanceApps.WPF.MainWindow.CalculateConsecutiveChangeCounts(System.DateTime,System.Int32,System.Collections.Generic.List{BinanceApps.Core.Models.Kline})">
            <summary>
            计算指定日期的连续涨跌数量和合约列表
            </summary>
        </member>
        <member name="M:BinanceApps.WPF.MainWindow.CreatePriceChangeStatsGrid(System.Collections.Generic.List{BinanceApps.WPF.DailyPriceChangeStats})">
            <summary>
            创建涨跌统计表格
            </summary>
        </member>
        <member name="M:BinanceApps.WPF.MainWindow.CreateStatsHeaderRow(System.Windows.Controls.Grid)">
            <summary>
            创建统计表格标题行
            </summary>
        </member>
        <member name="M:BinanceApps.WPF.MainWindow.CreateStatsDataRow(System.Windows.Controls.Grid,BinanceApps.WPF.DailyPriceChangeStats,System.Int32,System.Collections.Generic.List{BinanceApps.WPF.DailyPriceChangeStats})">
            <summary>
            创建统计表格数据行
            </summary>
        </member>
        <member name="M:BinanceApps.WPF.MainWindow.GetIntensityColor(System.Int32,System.Int32,System.Int32,System.Boolean)">
            <summary>
            根据数值获取强度颜色（数字越大颜色越红，数字越小颜色越白）
            </summary>
        </member>
        <member name="M:BinanceApps.WPF.MainWindow.CreateSortableHeader(System.String,System.String,System.Windows.Controls.ListView,System.Collections.Generic.List{BinanceApps.WPF.SymbolDetailItem})">
            <summary>
            创建可排序的列标题
            </summary>
        </member>
        <member name="M:BinanceApps.WPF.MainWindow.SortSymbolDetailData(System.Collections.Generic.List{BinanceApps.WPF.SymbolDetailItem},System.String,System.Boolean)">
            <summary>
            排序合约详情数据
            </summary>
        </member>
        <member name="M:BinanceApps.WPF.MainWindow.CopyTop20Symbols(System.Collections.Generic.List{BinanceApps.WPF.SymbolDetailItem},System.Windows.Window)">
            <summary>
            复制前20个合约名称到剪贴板
            </summary>
        </member>
        <member name="M:BinanceApps.WPF.MainWindow.ShowSymbolDetailsWindow(System.Collections.Generic.List{System.String},System.DateTime,System.Int32,System.Boolean)">
            <summary>
            显示合约详情窗口
            </summary>
        </member>
        <member name="M:BinanceApps.WPF.MainWindow.SaveHighLowAnalysisConfig(System.Int32)">
            <summary>
            保存高低价分析配置
            </summary>
        </member>
        <member name="M:BinanceApps.WPF.MainWindow.SaveAmplitudeAnalysisConfig(System.Int32)">
            <summary>
            保存振幅分析配置
            </summary>
        </member>
        <member name="M:BinanceApps.WPF.MainWindow.SaveAdvancedFilterConfig(System.Decimal,System.Decimal,System.Int32,System.Decimal,System.Decimal,System.Decimal,System.Decimal,System.Decimal)">
            <summary>
            保存高级筛选配置
            </summary>
        </member>
        <member name="M:BinanceApps.WPF.MainWindow.CalculateAmplitudeDataAsync(System.Int32)">
            <summary>
            计算振幅波动数据
            </summary>
        </member>
        <member name="M:BinanceApps.WPF.MainWindow.DisplayAmplitudeData(System.Collections.Generic.List{BinanceApps.WPF.AmplitudeData},System.Int32)">
            <summary>
            显示振幅波动数据
            </summary>
        </member>
        <member name="M:BinanceApps.WPF.MainWindow.CreateAmplitudeCategoryPanel(System.Collections.Generic.List{BinanceApps.WPF.AmplitudeData},System.String,System.String,System.Windows.Media.Color)">
            <summary>
            创建振幅分类面板
            </summary>
        </member>
        <member name="M:BinanceApps.WPF.MainWindow.GetLocationRatioText(System.String)">
            <summary>
            获取合约的位置比例文本
            </summary>
        </member>
        <member name="M:BinanceApps.WPF.MainWindow.CopySymbolFromAmplitudeListView(System.Windows.Controls.ListView)">
            <summary>
            从振幅分析ListView复制合约名到剪贴板
            </summary>
        </member>
        <member name="M:BinanceApps.WPF.MainWindow.CopySymbolFromLocationListView(System.Windows.Controls.ListView)">
            <summary>
            从位置比例ListView复制合约名到剪贴板
            </summary>
        </member>
        <member name="M:BinanceApps.WPF.MainWindow.CopySymbolFromAdvancedFilterListView(System.Windows.Controls.ListView)">
            <summary>
            从高级筛选ListView复制合约名到剪贴板
            </summary>
        </member>
        <member name="M:BinanceApps.WPF.MainWindow.CopyAllFilteredSymbols_Click(System.Object,System.Windows.RoutedEventArgs)">
            <summary>
            一键复制所有筛选结果的合约名
            </summary>
        </member>
        <member name="M:BinanceApps.WPF.MainWindow.ExecuteNewAdvancedFilter(System.Windows.Window)">
            <summary>
            执行新的高级筛选
            </summary>
        </member>
        <member name="M:BinanceApps.WPF.MainWindow.PerformAdvancedFilteringAsync(System.Decimal,System.Decimal,System.Int32,System.Decimal,System.Decimal,System.Decimal,System.Decimal,System.Decimal)">
            <summary>
            执行高级筛选逻辑（优化版本，使用批量数据获取）
            </summary>
        </member>
        <member name="M:BinanceApps.WPF.MainWindow.CalculateSymbolAmplitude(System.String,System.Int32)">
            <summary>
            计算指定合约的振幅（使用缓存优化）
            </summary>
        </member>
        <member name="M:BinanceApps.WPF.MainWindow.Get24HVolumeAsync(System.String)">
            <summary>
            获取指定合约的24H成交额（使用缓存优化）
            </summary>
        </member>
        <member name="M:BinanceApps.WPF.MainWindow.DisplayAdvancedFilterResults(System.Windows.Window,System.Collections.Generic.List{BinanceApps.WPF.AdvancedFilterResultItem})">
            <summary>
            显示高级筛选结果
            </summary>
        </member>
        <member name="M:BinanceApps.WPF.MainWindow.TrySetClipboardText(System.String)">
            <summary>
            尝试设置剪贴板文本，带重试机制
            </summary>
        </member>
        <member name="M:BinanceApps.WPF.MainWindow.InitializeComponent">
            <summary>
            InitializeComponent
            </summary>
        </member>
        <member name="T:BinanceApps.WPF.Market24HData">
            <summary>
            24H行情数据模型
            </summary>
        </member>
        <member name="T:BinanceApps.WPF.AdvancedFilterResultItem">
            <summary>
            高级筛选结果项
            </summary>
        </member>
        <member name="T:BinanceApps.WPF.Market24HRankingItem">
            <summary>
            24H排行榜显示项
            </summary>
        </member>
        <member name="T:BinanceApps.WPF.VolumeGrowthData">
            <summary>
            成交额放量数据
            </summary>
        </member>
        <member name="T:BinanceApps.WPF.VolumeGrowthDisplayItem">
            <summary>
            成交额放量显示项
            </summary>
        </member>
        <member name="T:BinanceApps.WPF.ContractAnalysis">
            <summary>
            合约分析结果
            </summary>
        </member>
        <member name="T:BinanceApps.WPF.AdvancedFilterResult">
            <summary>
            高级筛选结果
            </summary>
        </member>
        <member name="M:BinanceApps.WPF.AdvancedFilterResult.ToString">
            <summary>
            重写ToString方法，提供友好的显示格式
            </summary>
        </member>
        <member name="T:BinanceApps.WPF.AmplitudeData">
            <summary>
            振幅波动数据
            </summary>
        </member>
        <member name="T:BinanceApps.WPF.AmplitudeCategory">
            <summary>
            振幅分类枚举
            </summary>
        </member>
        <member name="T:BinanceApps.WPF.MarketVolatilityData">
            <summary>
            市场波动率数据
            </summary>
        </member>
        <member name="T:BinanceApps.WPF.SymbolVolatility">
            <summary>
            单个币种的波动率数据
            </summary>
        </member>
        <member name="T:BinanceApps.WPF.DailyPriceChangeStats">
            <summary>
            每日涨跌统计数据
            </summary>
        </member>
        <member name="T:BinanceApps.WPF.SymbolDetailItem">
            <summary>
            合约详情项目
            </summary>
        </member>
        <member name="T:BinanceApps.WPF.MarketDistributionWindow">
            <summary>
            MarketDistributionWindow
            </summary>
        </member>
        <member name="M:BinanceApps.WPF.MarketDistributionWindow.LoadDataAsync">
            <summary>
            加载数据
            </summary>
        </member>
        <member name="M:BinanceApps.WPF.MarketDistributionWindow.ShowLoading(System.Boolean,System.String)">
            <summary>
            显示/隐藏加载状态
            </summary>
        </member>
        <member name="M:BinanceApps.WPF.MarketDistributionWindow.DisplayDataList">
            <summary>
            显示数据列表
            </summary>
        </member>
        <member name="M:BinanceApps.WPF.MarketDistributionWindow.CreateListHeader">
            <summary>
            创建列表表头
            </summary>
        </member>
        <member name="M:BinanceApps.WPF.MarketDistributionWindow.AddHeaderText(System.Windows.Controls.Grid,System.String,System.Int32)">
            <summary>
            添加表头文本
            </summary>
        </member>
        <member name="M:BinanceApps.WPF.MarketDistributionWindow.CreateDataRow(BinanceApps.Core.Models.DailyPriceChangeDistribution)">
            <summary>
            创建数据行
            </summary>
        </member>
        <member name="M:BinanceApps.WPF.MarketDistributionWindow.AddCellText(System.Windows.Controls.Grid,System.String,System.Int32,System.Boolean)">
            <summary>
            添加单元格文本
            </summary>
        </member>
        <member name="M:BinanceApps.WPF.MarketDistributionWindow.AddCellTextWithHeatmap(System.Windows.Controls.Grid,System.Int32,System.Int32,System.Boolean)">
            <summary>
            添加带热力图背景的单元格文本（用于数值）
            </summary>
        </member>
        <member name="M:BinanceApps.WPF.MarketDistributionWindow.GetValueHeatmapColor(System.Int32)">
            <summary>
            获取数值热力图颜色（0-白色，600-大红）
            </summary>
        </member>
        <member name="M:BinanceApps.WPF.MarketDistributionWindow.DrawChart">
            <summary>
            绘制折线图
            </summary>
        </member>
        <member name="M:BinanceApps.WPF.MarketDistributionWindow.DrawChartContent(System.Double,System.Double)">
            <summary>
            绘制图表内容
            </summary>
        </member>
        <member name="M:BinanceApps.WPF.MarketDistributionWindow.DrawYAxis(System.Double,System.Double,System.Double,System.Int32)">
            <summary>
            绘制Y轴
            </summary>
        </member>
        <member name="M:BinanceApps.WPF.MarketDistributionWindow.DrawXAxis(System.Double,System.Double,System.Double,System.Collections.Generic.List{BinanceApps.Core.Models.PriceChangeRange})">
            <summary>
            绘制X轴
            </summary>
        </member>
        <member name="M:BinanceApps.WPF.MarketDistributionWindow.DrawGridLines(System.Double,System.Double,System.Double,System.Double,System.Int32)">
            <summary>
            绘制网格线
            </summary>
        </member>
        <member name="M:BinanceApps.WPF.MarketDistributionWindow.DrawZeroPercentLine(System.Double,System.Double,System.Double,System.Double,System.Int32)">
            <summary>
            绘制0%分界线（竖直虚线）
            </summary>
        </member>
        <member name="M:BinanceApps.WPF.MarketDistributionWindow.DrawDistributionLine(BinanceApps.Core.Models.DailyPriceChangeDistribution,System.Collections.Generic.List{BinanceApps.Core.Models.PriceChangeRange},System.Double,System.Double,System.Double,System.Double,System.Int32,System.Int32)">
            <summary>
            绘制单条分布折线
            </summary>
        </member>
        <member name="M:BinanceApps.WPF.MarketDistributionWindow.GetLineColor(System.Int32)">
            <summary>
            获取折线颜色（今天最深，越远越浅）
            </summary>
        </member>
        <member name="M:BinanceApps.WPF.MarketDistributionWindow.GetLineThickness(System.Int32)">
            <summary>
            获取折线粗细（今天最粗）
            </summary>
        </member>
        <member name="M:BinanceApps.WPF.MarketDistributionWindow.GetLineDashArray(System.Int32)">
            <summary>
            获取折线样式（今天实线，越远越虚）
            </summary>
        </member>
        <member name="M:BinanceApps.WPF.MarketDistributionWindow.GetPointSize(System.Int32)">
            <summary>
            获取数据点大小
            </summary>
        </member>
        <member name="M:BinanceApps.WPF.MarketDistributionWindow.DrawLegend(System.Double,System.Double,System.Collections.Generic.List{BinanceApps.Core.Models.DailyPriceChangeDistribution})">
            <summary>
            绘制图例
            </summary>
        </member>
        <member name="M:BinanceApps.WPF.MarketDistributionWindow.InitializeComponent">
            <summary>
            InitializeComponent
            </summary>
        </member>
        <member name="T:BinanceApps.WPF.PortfolioEditorDialog">
            <summary>
            PortfolioEditorDialog
            </summary>
        </member>
        <member name="M:BinanceApps.WPF.PortfolioEditorDialog.#ctor(BinanceApps.Core.Services.CustomPortfolioService,BinanceApps.Core.Services.PortfolioGroupService,BinanceApps.Core.Interfaces.IBinanceSimulatedApiClient)">
            <summary>
            创建模式构造函数
            </summary>
        </member>
        <member name="M:BinanceApps.WPF.PortfolioEditorDialog.#ctor(BinanceApps.Core.Services.CustomPortfolioService,BinanceApps.Core.Services.PortfolioGroupService,BinanceApps.Core.Interfaces.IBinanceSimulatedApiClient,BinanceApps.Core.Models.CustomPortfolio)">
            <summary>
            编辑模式构造函数
            </summary>
        </member>
        <member name="M:BinanceApps.WPF.PortfolioEditorDialog.Window_Loaded(System.Object,System.Windows.RoutedEventArgs)">
            <summary>
            窗口加载事件
            </summary>
        </member>
        <member name="M:BinanceApps.WPF.PortfolioEditorDialog.LoadGroupsToComboBox">
            <summary>
            加载分组列表到下拉框
            </summary>
        </member>
        <member name="M:BinanceApps.WPF.PortfolioEditorDialog.LoadAllSymbolsAsync">
            <summary>
            加载所有可用的合约列表
            </summary>
        </member>
        <member name="M:BinanceApps.WPF.PortfolioEditorDialog.BtnSearch_Click(System.Object,System.Windows.RoutedEventArgs)">
            <summary>
            搜索按钮点击
            </summary>
        </member>
        <member name="M:BinanceApps.WPF.PortfolioEditorDialog.TxtSearch_TextChanged(System.Object,System.Windows.Controls.TextChangedEventArgs)">
            <summary>
            搜索框文本变化事件（实时搜索）
            </summary>
        </member>
        <member name="M:BinanceApps.WPF.PortfolioEditorDialog.TxtSearch_KeyDown(System.Object,System.Windows.Input.KeyEventArgs)">
            <summary>
            搜索框回车事件
            </summary>
        </member>
        <member name="M:BinanceApps.WPF.PortfolioEditorDialog.SearchSymbols">
            <summary>
            搜索合约
            </summary>
        </member>
        <member name="M:BinanceApps.WPF.PortfolioEditorDialog.DisplaySearchResults(System.Collections.Generic.List{System.String})">
            <summary>
            显示搜索结果
            </summary>
        </member>
        <member name="M:BinanceApps.WPF.PortfolioEditorDialog.BtnAddSymbol_Click(System.Object,System.Windows.RoutedEventArgs)">
            <summary>
            添加合约按钮点击
            </summary>
        </member>
        <member name="M:BinanceApps.WPF.PortfolioEditorDialog.UpdateSelectedSymbolsList">
            <summary>
            更新已选合约列表
            </summary>
        </member>
        <member name="M:BinanceApps.WPF.PortfolioEditorDialog.CreateSelectedSymbolCard(BinanceApps.Core.Models.PortfolioSymbol)">
            <summary>
            创建已选合约卡片
            </summary>
        </member>
        <member name="M:BinanceApps.WPF.PortfolioEditorDialog.RemarkTextBox_TextChanged(System.Object,System.Windows.Controls.TextChangedEventArgs)">
            <summary>
            备注输入变化事件
            </summary>
        </member>
        <member name="M:BinanceApps.WPF.PortfolioEditorDialog.BtnRemoveSymbol_Click(System.Object,System.Windows.RoutedEventArgs)">
            <summary>
            删除合约按钮点击
            </summary>
        </member>
        <member name="M:BinanceApps.WPF.PortfolioEditorDialog.BtnSave_Click(System.Object,System.Windows.RoutedEventArgs)">
            <summary>
            保存按钮点击
            </summary>
        </member>
        <member name="M:BinanceApps.WPF.PortfolioEditorDialog.BtnCancel_Click(System.Object,System.Windows.RoutedEventArgs)">
            <summary>
            取消按钮点击
            </summary>
        </member>
        <member name="M:BinanceApps.WPF.PortfolioEditorDialog.BtnBatchImport_Click(System.Object,System.Windows.RoutedEventArgs)">
            <summary>
            批量导入按钮点击
            </summary>
        </member>
        <member name="M:BinanceApps.WPF.PortfolioEditorDialog.InitializeComponent">
            <summary>
            InitializeComponent
            </summary>
        </member>
        <member name="T:BinanceApps.WPF.UpdateHelper">
            <summary>
            更新助手 - 处理应用程序更新的辅助工具
            </summary>
        </member>
        <member name="M:BinanceApps.WPF.UpdateHelper.StartUpdate(System.String,System.String,System.String,System.String)">
            <summary>
            创建并启动更新脚本
            </summary>
            <param name="updatePackagePath">更新包路径（ZIP文件）</param>
            <param name="targetDirectory">目标安装目录</param>
            <param name="currentExePath">当前程序路径</param>
            <param name="newVersion">新版本号</param>
        </member>
        <member name="M:BinanceApps.WPF.UpdateHelper.GenerateUpdateScript(System.String,System.String,System.String,System.String,System.String)">
            <summary>
            生成更新脚本
            </summary>
        </member>
        <member name="T:BinanceApps.WPF.VolatilityDetailsWindow">
            <summary>
            VolatilityDetailsWindow
            </summary>
        </member>
        <member name="M:BinanceApps.WPF.VolatilityDetailsWindow.LoadData(System.DateTime,System.Collections.Generic.List{BinanceApps.WPF.SymbolVolatility})">
            <summary>
            加载波动率数据
            </summary>
        </member>
        <member name="M:BinanceApps.WPF.VolatilityDetailsWindow.GetDisplayName(System.String)">
            <summary>
            获取币种显示名称
            </summary>
        </member>
        <member name="M:BinanceApps.WPF.VolatilityDetailsWindow.FormatQuoteVolume(System.Decimal)">
            <summary>
            格式化成交额显示
            </summary>
        </member>
        <member name="M:BinanceApps.WPF.VolatilityDetailsWindow.GetVolatilityColorBrush(System.Decimal)">
            <summary>
            根据波动率获取颜色画刷
            </summary>
        </member>
        <member name="M:BinanceApps.WPF.VolatilityDetailsWindow.LvSymbols_MouseLeftButtonUp(System.Object,System.Windows.Input.MouseButtonEventArgs)">
            <summary>
            ListView点击事件 - 复制币种名称到剪贴板
            </summary>
        </member>
        <member name="M:BinanceApps.WPF.VolatilityDetailsWindow.VolatilityDetailsWindow_Closing(System.Object,System.ComponentModel.CancelEventArgs)">
            <summary>
            窗口关闭事件处理
            </summary>
        </member>
        <member name="M:BinanceApps.WPF.VolatilityDetailsWindow.BtnClose_Click(System.Object,System.Windows.RoutedEventArgs)">
            <summary>
            关闭按钮点击事件
            </summary>
        </member>
        <member name="M:BinanceApps.WPF.VolatilityDetailsWindow.InitializeComponent">
            <summary>
            InitializeComponent
            </summary>
        </member>
        <member name="T:BinanceApps.WPF.VolatilityDisplayItem">
            <summary>
            波动率显示项数据模型
            </summary>
        </member>
        <member name="T:ValueToColorConverter">
            <summary>
            数值到颜色的转换器，实现0-600的白色到红色渐变
            </summary>
        </member>
    </members>
</doc>
