<?xml version="1.0"?>
<doc>
    <assembly>
        <name>BinanceApps.Account</name>
    </assembly>
    <members>
        <member name="T:BinanceApps.Account.Interfaces.IAccountService">
            <summary>
            账户服务接口
            </summary>
        </member>
        <member name="M:BinanceApps.Account.Interfaces.IAccountService.GetAccountInfoAsync">
            <summary>
            获取账户信息
            </summary>
            <returns>账户信息</returns>
        </member>
        <member name="M:BinanceApps.Account.Interfaces.IAccountService.GetBalancesAsync">
            <summary>
            获取账户余额
            </summary>
            <returns>余额列表</returns>
        </member>
        <member name="M:BinanceApps.Account.Interfaces.IAccountService.GetBalanceAsync(System.String)">
            <summary>
            获取指定资产余额
            </summary>
            <param name="asset">资产名称</param>
            <returns>余额信息</returns>
        </member>
        <member name="M:BinanceApps.Account.Interfaces.IAccountService.GetPositionsAsync(System.String)">
            <summary>
            获取持仓信息
            </summary>
            <param name="symbol">交易对，为空则获取所有</param>
            <returns>持仓列表</returns>
        </member>
        <member name="M:BinanceApps.Account.Interfaces.IAccountService.GetPositionAsync(System.String)">
            <summary>
            获取指定交易对持仓
            </summary>
            <param name="symbol">交易对</param>
            <returns>持仓信息</returns>
        </member>
        <member name="M:BinanceApps.Account.Interfaces.IAccountService.GetTradeHistoryAsync(System.String,System.Int32,System.Nullable{System.Int64})">
            <summary>
            获取交易历史
            </summary>
            <param name="symbol">交易对</param>
            <param name="limit">限制数量</param>
            <param name="fromId">起始交易ID</param>
            <returns>交易历史列表</returns>
        </member>
        <member name="M:BinanceApps.Account.Interfaces.IAccountService.GetFundingRateAsync(System.String)">
            <summary>
            获取资金费率
            </summary>
            <param name="symbol">交易对</param>
            <returns>资金费率</returns>
        </member>
        <member name="M:BinanceApps.Account.Interfaces.IAccountService.GetAllFundingRatesAsync">
            <summary>
            获取所有资金费率
            </summary>
            <returns>资金费率列表</returns>
        </member>
        <member name="M:BinanceApps.Account.Interfaces.IAccountService.GetFundingRateHistoryAsync(System.String,System.Int32,System.Nullable{System.DateTime},System.Nullable{System.DateTime})">
            <summary>
            获取资金费率历史
            </summary>
            <param name="symbol">交易对</param>
            <param name="limit">限制数量</param>
            <param name="startTime">开始时间</param>
            <param name="endTime">结束时间</param>
            <returns>资金费率历史</returns>
        </member>
        <member name="M:BinanceApps.Account.Interfaces.IAccountService.GetLeverageInfoAsync(System.String)">
            <summary>
            获取杠杆信息
            </summary>
            <param name="symbol">交易对</param>
            <returns>杠杆信息</returns>
        </member>
        <member name="M:BinanceApps.Account.Interfaces.IAccountService.GetRiskInfoAsync(System.String)">
            <summary>
            获取风险信息
            </summary>
            <param name="symbol">交易对</param>
            <returns>风险信息</returns>
        </member>
        <member name="M:BinanceApps.Account.Interfaces.IAccountService.GetAccountRiskSummaryAsync">
            <summary>
            获取账户风险摘要
            </summary>
            <returns>风险摘要</returns>
        </member>
        <member name="M:BinanceApps.Account.Interfaces.IAccountService.GetAccountStatisticsAsync(System.String,System.String,System.Nullable{System.DateTime},System.Nullable{System.DateTime})">
            <summary>
            获取账户统计信息
            </summary>
            <param name="symbol">交易对</param>
            <param name="periodType">统计周期类型</param>
            <param name="startTime">开始时间</param>
            <param name="endTime">结束时间</param>
            <returns>统计信息</returns>
        </member>
        <member name="M:BinanceApps.Account.Interfaces.IAccountService.GetTradeStatisticsAsync(System.String,System.Nullable{System.DateTime},System.Nullable{System.DateTime})">
            <summary>
            获取账户交易统计
            </summary>
            <param name="symbol">交易对</param>
            <param name="startTime">开始时间</param>
            <param name="endTime">结束时间</param>
            <returns>交易统计</returns>
        </member>
    </members>
</doc>
