<?xml version="1.0"?>
<doc>
    <assembly>
        <name>BinanceApps.MarketData</name>
    </assembly>
    <members>
        <member name="T:BinanceApps.MarketData.Interfaces.IMarketDataService">
            <summary>
            行情数据服务接口
            </summary>
        </member>
        <member name="M:BinanceApps.MarketData.Interfaces.IMarketDataService.GetKlinesAsync(System.String,BinanceApps.Core.Models.KlineInterval,System.Int32,System.Nullable{System.DateTime},System.Nullable{System.DateTime})">
            <summary>
            获取K线数据
            </summary>
            <param name="symbol">交易对</param>
            <param name="interval">时间间隔</param>
            <param name="limit">限制数量</param>
            <param name="startTime">开始时间</param>
            <param name="endTime">结束时间</param>
            <returns>K线数据列表</returns>
        </member>
        <member name="M:BinanceApps.MarketData.Interfaces.IMarketDataService.GetPriceStatisticsAsync(System.String)">
            <summary>
            获取24小时价格统计
            </summary>
            <param name="symbol">交易对</param>
            <returns>价格统计</returns>
        </member>
        <member name="M:BinanceApps.MarketData.Interfaces.IMarketDataService.GetAllPriceStatisticsAsync">
            <summary>
            获取所有交易对24小时价格统计
            </summary>
            <returns>价格统计列表</returns>
        </member>
        <member name="M:BinanceApps.MarketData.Interfaces.IMarketDataService.GetDepthAsync(System.String,System.Int32)">
            <summary>
            获取深度数据
            </summary>
            <param name="symbol">交易对</param>
            <param name="limit">深度级别</param>
            <returns>深度数据</returns>
        </member>
        <member name="M:BinanceApps.MarketData.Interfaces.IMarketDataService.GetRecentTradesAsync(System.String,System.Int32)">
            <summary>
            获取最新成交
            </summary>
            <param name="symbol">交易对</param>
            <param name="limit">限制数量</param>
            <returns>最新成交列表</returns>
        </member>
        <member name="M:BinanceApps.MarketData.Interfaces.IMarketDataService.GetHistoricalTradesAsync(System.String,System.Int32,System.Nullable{System.Int64})">
            <summary>
            获取历史成交
            </summary>
            <param name="symbol">交易对</param>
            <param name="limit">限制数量</param>
            <param name="fromId">起始交易ID</param>
            <returns>历史成交列表</returns>
        </member>
        <member name="M:BinanceApps.MarketData.Interfaces.IMarketDataService.GetMarkPriceAsync(System.String)">
            <summary>
            获取标记价格
            </summary>
            <param name="symbol">交易对</param>
            <returns>标记价格</returns>
        </member>
        <member name="M:BinanceApps.MarketData.Interfaces.IMarketDataService.GetAllMarkPricesAsync">
            <summary>
            获取所有交易对标记价格
            </summary>
            <returns>标记价格列表</returns>
        </member>
        <member name="M:BinanceApps.MarketData.Interfaces.IMarketDataService.GetFundingRateAsync(System.String)">
            <summary>
            获取资金费率
            </summary>
            <param name="symbol">交易对</param>
            <returns>资金费率</returns>
        </member>
        <member name="M:BinanceApps.MarketData.Interfaces.IMarketDataService.GetAllFundingRatesAsync">
            <summary>
            获取所有资金费率
            </summary>
            <returns>资金费率列表</returns>
        </member>
        <member name="M:BinanceApps.MarketData.Interfaces.IMarketDataService.GetFundingRateHistoryAsync(System.String,System.Int32,System.Nullable{System.DateTime},System.Nullable{System.DateTime})">
            <summary>
            获取资金费率历史
            </summary>
            <param name="symbol">交易对</param>
            <param name="limit">限制数量</param>
            <param name="startTime">开始时间</param>
            <param name="endTime">结束时间</param>
            <returns>资金费率历史</returns>
        </member>
        <member name="M:BinanceApps.MarketData.Interfaces.IMarketDataService.GetExchangeInfoAsync">
            <summary>
            获取交易所信息
            </summary>
            <returns>交易所信息</returns>
        </member>
        <member name="M:BinanceApps.MarketData.Interfaces.IMarketDataService.GetSymbolInfoAsync(System.String)">
            <summary>
            获取交易对信息
            </summary>
            <param name="symbol">交易对</param>
            <returns>交易对信息</returns>
        </member>
        <member name="M:BinanceApps.MarketData.Interfaces.IMarketDataService.GetAllSymbolsInfoAsync">
            <summary>
            获取所有交易对信息
            </summary>
            <returns>交易对信息列表</returns>
        </member>
        <member name="M:BinanceApps.MarketData.Interfaces.IMarketDataService.SubscribeToPriceUpdatesAsync(System.Collections.Generic.List{System.String},System.Action{BinanceApps.Core.Models.PriceStatistics})">
            <summary>
            订阅实时价格
            </summary>
            <param name="symbols">交易对列表</param>
            <param name="onPriceUpdate">价格更新回调</param>
            <returns>订阅ID</returns>
        </member>
        <member name="M:BinanceApps.MarketData.Interfaces.IMarketDataService.SubscribeToKlineUpdatesAsync(System.Collections.Generic.List{System.String},BinanceApps.Core.Models.KlineInterval,System.Action{BinanceApps.Core.Models.KlineData})">
            <summary>
            订阅K线数据
            </summary>
            <param name="symbols">交易对列表</param>
            <param name="interval">时间间隔</param>
            <param name="onKlineUpdate">K线更新回调</param>
            <returns>订阅ID</returns>
        </member>
        <member name="M:BinanceApps.MarketData.Interfaces.IMarketDataService.SubscribeToDepthUpdatesAsync(System.Collections.Generic.List{System.String},System.Action{BinanceApps.Core.Models.DepthData})">
            <summary>
            订阅深度数据
            </summary>
            <param name="symbols">交易对列表</param>
            <param name="onDepthUpdate">深度更新回调</param>
            <returns>订阅ID</returns>
        </member>
        <member name="M:BinanceApps.MarketData.Interfaces.IMarketDataService.UnsubscribeAsync(System.String)">
            <summary>
            取消订阅
            </summary>
            <param name="subscriptionId">订阅ID</param>
            <returns>是否成功</returns>
        </member>
        <member name="M:BinanceApps.MarketData.Interfaces.IMarketDataService.UnsubscribeAllAsync">
            <summary>
            取消所有订阅
            </summary>
            <returns>是否成功</returns>
        </member>
    </members>
</doc>
