<?xml version="1.0"?>
<doc>
    <assembly>
        <name>BinanceApps.Storage</name>
    </assembly>
    <members>
        <member name="T:BinanceApps.Storage.Interfaces.IStorageService">
            <summary>
            存储服务接口
            </summary>
        </member>
        <member name="P:BinanceApps.Storage.Interfaces.IStorageService.BasePath">
            <summary>
            基础存储路径
            </summary>
        </member>
        <member name="M:BinanceApps.Storage.Interfaces.IStorageService.EnsureDirectoryExists(System.String)">
            <summary>
            确保目录存在
            </summary>
            <param name="path">路径</param>
        </member>
        <member name="M:BinanceApps.Storage.Interfaces.IStorageService.FileExists(System.String)">
            <summary>
            文件是否存在
            </summary>
            <param name="filePath">文件路径</param>
            <returns>是否存在</returns>
        </member>
        <member name="M:BinanceApps.Storage.Interfaces.IStorageService.DirectoryExists(System.String)">
            <summary>
            目录是否存在
            </summary>
            <param name="path">路径</param>
            <returns>是否存在</returns>
        </member>
        <member name="M:BinanceApps.Storage.Interfaces.IStorageService.GetFileSize(System.String)">
            <summary>
            获取文件大小
            </summary>
            <param name="filePath">文件路径</param>
            <returns>文件大小（字节）</returns>
        </member>
        <member name="M:BinanceApps.Storage.Interfaces.IStorageService.GetFileLastModified(System.String)">
            <summary>
            获取文件最后修改时间
            </summary>
            <param name="filePath">文件路径</param>
            <returns>最后修改时间</returns>
        </member>
        <member name="M:BinanceApps.Storage.Interfaces.IStorageService.DeleteFile(System.String)">
            <summary>
            删除文件
            </summary>
            <param name="filePath">文件路径</param>
            <returns>是否成功</returns>
        </member>
        <member name="M:BinanceApps.Storage.Interfaces.IStorageService.DeleteDirectory(System.String,System.Boolean)">
            <summary>
            删除目录
            </summary>
            <param name="path">路径</param>
            <param name="recursive">是否递归删除</param>
            <returns>是否成功</returns>
        </member>
        <member name="M:BinanceApps.Storage.Interfaces.IStorageService.CopyFile(System.String,System.String,System.Boolean)">
            <summary>
            复制文件
            </summary>
            <param name="sourcePath">源路径</param>
            <param name="targetPath">目标路径</param>
            <param name="overwrite">是否覆盖</param>
            <returns>是否成功</returns>
        </member>
        <member name="M:BinanceApps.Storage.Interfaces.IStorageService.MoveFile(System.String,System.String)">
            <summary>
            移动文件
            </summary>
            <param name="sourcePath">源路径</param>
            <param name="targetPath">目标路径</param>
            <returns>是否成功</returns>
        </member>
        <member name="M:BinanceApps.Storage.Interfaces.IStorageService.GetFiles(System.String,System.String,System.Boolean)">
            <summary>
            获取目录中的所有文件
            </summary>
            <param name="path">路径</param>
            <param name="searchPattern">搜索模式</param>
            <param name="recursive">是否递归</param>
            <returns>文件路径列表</returns>
        </member>
        <member name="M:BinanceApps.Storage.Interfaces.IStorageService.GetDirectories(System.String,System.String,System.Boolean)">
            <summary>
            获取目录中的所有子目录
            </summary>
            <param name="path">路径</param>
            <param name="searchPattern">搜索模式</param>
            <param name="recursive">是否递归</param>
            <returns>目录路径列表</returns>
        </member>
        <member name="T:BinanceApps.Storage.Interfaces.IFileStorageService">
            <summary>
            文件存储服务接口
            </summary>
        </member>
        <member name="M:BinanceApps.Storage.Interfaces.IFileStorageService.ReadTextAsync(System.String,System.Text.Encoding)">
            <summary>
            读取文本文件
            </summary>
            <param name="filePath">文件路径</param>
            <param name="encoding">编码</param>
            <returns>文件内容</returns>
        </member>
        <member name="M:BinanceApps.Storage.Interfaces.IFileStorageService.WriteTextAsync(System.String,System.String,System.Text.Encoding,System.Boolean)">
            <summary>
            写入文本文件
            </summary>
            <param name="filePath">文件路径</param>
            <param name="content">内容</param>
            <param name="encoding">编码</param>
            <param name="append">是否追加</param>
            <returns>是否成功</returns>
        </member>
        <member name="M:BinanceApps.Storage.Interfaces.IFileStorageService.ReadBytesAsync(System.String)">
            <summary>
            读取二进制文件
            </summary>
            <param name="filePath">文件路径</param>
            <returns>文件内容</returns>
        </member>
        <member name="M:BinanceApps.Storage.Interfaces.IFileStorageService.WriteBytesAsync(System.String,System.Byte[])">
            <summary>
            写入二进制文件
            </summary>
            <param name="filePath">文件路径</param>
            <param name="data">数据</param>
            <returns>是否成功</returns>
        </member>
        <member name="M:BinanceApps.Storage.Interfaces.IFileStorageService.ReadJsonAsync``1(System.String)">
            <summary>
            读取JSON文件
            </summary>
            <typeparam name="T">数据类型</typeparam>
            <param name="filePath">文件路径</param>
            <returns>反序列化后的对象</returns>
        </member>
        <member name="M:BinanceApps.Storage.Interfaces.IFileStorageService.WriteJsonAsync``1(System.String,``0,System.Boolean)">
            <summary>
            写入JSON文件
            </summary>
            <typeparam name="T">数据类型</typeparam>
            <param name="filePath">文件路径</param>
            <param name="obj">要序列化的对象</param>
            <param name="indented">是否格式化</param>
            <returns>是否成功</returns>
        </member>
        <member name="M:BinanceApps.Storage.Interfaces.IFileStorageService.ReadCsvAsync``1(System.String)">
            <summary>
            读取CSV文件
            </summary>
            <typeparam name="T">数据类型</typeparam>
            <param name="filePath">文件路径</param>
            <returns>反序列化后的对象列表</returns>
        </member>
        <member name="M:BinanceApps.Storage.Interfaces.IFileStorageService.WriteCsvAsync``1(System.String,System.Collections.Generic.List{``0})">
            <summary>
            写入CSV文件
            </summary>
            <typeparam name="T">数据类型</typeparam>
            <param name="filePath">文件路径</param>
            <param name="data">要序列化的对象列表</param>
            <returns>是否成功</returns>
        </member>
        <member name="T:BinanceApps.Storage.Interfaces.ILogStorageService">
            <summary>
            日志存储服务接口
            </summary>
        </member>
        <member name="M:BinanceApps.Storage.Interfaces.ILogStorageService.WriteLogAsync(System.String,System.String,System.String,System.Exception)">
            <summary>
            写入日志
            </summary>
            <param name="level">日志级别</param>
            <param name="message">日志消息</param>
            <param name="category">日志分类</param>
            <param name="exception">异常信息</param>
            <returns>是否成功</returns>
        </member>
        <member name="M:BinanceApps.Storage.Interfaces.ILogStorageService.WriteInfoAsync(System.String,System.String)">
            <summary>
            写入信息日志
            </summary>
            <param name="message">日志消息</param>
            <param name="category">日志分类</param>
            <returns>是否成功</returns>
        </member>
        <member name="M:BinanceApps.Storage.Interfaces.ILogStorageService.WriteWarningAsync(System.String,System.String)">
            <summary>
            写入警告日志
            </summary>
            <param name="message">日志消息</param>
            <param name="category">日志分类</param>
            <returns>是否成功</returns>
        </member>
        <member name="M:BinanceApps.Storage.Interfaces.ILogStorageService.WriteErrorAsync(System.String,System.String,System.Exception)">
            <summary>
            写入错误日志
            </summary>
            <param name="message">日志消息</param>
            <param name="category">日志分类</param>
            <param name="exception">异常信息</param>
            <returns>是否成功</returns>
        </member>
        <member name="M:BinanceApps.Storage.Interfaces.ILogStorageService.CleanupOldLogsAsync(System.Int32)">
            <summary>
            清理旧日志
            </summary>
            <param name="daysToKeep">保留天数</param>
            <returns>清理的文件数量</returns>
        </member>
        <member name="M:BinanceApps.Storage.Interfaces.ILogStorageService.GetLogFilesAsync(System.String,System.Nullable{System.DateTime},System.Nullable{System.DateTime})">
            <summary>
            获取日志文件列表
            </summary>
            <param name="category">日志分类</param>
            <param name="startDate">开始日期</param>
            <param name="endDate">结束日期</param>
            <returns>日志文件列表</returns>
        </member>
        <member name="T:BinanceApps.Storage.Interfaces.IConfigurationStorageService">
            <summary>
            配置存储服务接口
            </summary>
        </member>
        <member name="M:BinanceApps.Storage.Interfaces.IConfigurationStorageService.GetConfigurationAsync``1(System.String,``0)">
            <summary>
            读取配置
            </summary>
            <typeparam name="T">配置类型</typeparam>
            <param name="key">配置键</param>
            <param name="defaultValue">默认值</param>
            <returns>配置值</returns>
        </member>
        <member name="M:BinanceApps.Storage.Interfaces.IConfigurationStorageService.SetConfigurationAsync``1(System.String,``0)">
            <summary>
            写入配置
            </summary>
            <typeparam name="T">配置类型</typeparam>
            <param name="key">配置键</param>
            <param name="value">配置值</param>
            <returns>是否成功</returns>
        </member>
        <member name="M:BinanceApps.Storage.Interfaces.IConfigurationStorageService.RemoveConfigurationAsync(System.String)">
            <summary>
            删除配置
            </summary>
            <param name="key">配置键</param>
            <returns>是否成功</returns>
        </member>
        <member name="M:BinanceApps.Storage.Interfaces.IConfigurationStorageService.ConfigurationExistsAsync(System.String)">
            <summary>
            配置是否存在
            </summary>
            <param name="key">配置键</param>
            <returns>是否存在</returns>
        </member>
        <member name="M:BinanceApps.Storage.Interfaces.IConfigurationStorageService.GetAllConfigurationKeysAsync">
            <summary>
            获取所有配置键
            </summary>
            <returns>配置键列表</returns>
        </member>
        <member name="M:BinanceApps.Storage.Interfaces.IConfigurationStorageService.BackupConfigurationAsync(System.String)">
            <summary>
            备份配置
            </summary>
            <param name="backupPath">备份路径</param>
            <returns>是否成功</returns>
        </member>
        <member name="M:BinanceApps.Storage.Interfaces.IConfigurationStorageService.RestoreConfigurationAsync(System.String)">
            <summary>
            恢复配置
            </summary>
            <param name="backupPath">备份路径</param>
            <returns>是否成功</returns>
        </member>
    </members>
</doc>
