<?xml version="1.0"?>
<doc>
    <assembly>
        <name>BinanceApps.Core</name>
    </assembly>
    <members>
        <member name="T:BinanceApps.Core.Extensions.ServiceCollectionExtensions">
            <summary>
            服务集合扩展方法
            </summary>
        </member>
        <member name="M:BinanceApps.Core.Extensions.ServiceCollectionExtensions.AddBinanceAppsCore(Microsoft.Extensions.DependencyInjection.IServiceCollection)">
            <summary>
            添加币安应用核心服务
            </summary>
            <param name="services">服务集合</param>
            <returns>服务集合</returns>
        </member>
        <member name="M:BinanceApps.Core.Extensions.ServiceCollectionExtensions.AddBinanceAppsCore(Microsoft.Extensions.DependencyInjection.IServiceCollection,System.Boolean)">
            <summary>
            添加币安应用核心服务（包含模拟服务）
            </summary>
            <param name="services">服务集合</param>
            <param name="useSimulated">是否使用模拟服务</param>
            <returns>服务集合</returns>
        </member>
        <member name="T:BinanceApps.Core.Extensions.SimulatedServiceCollectionExtensions">
            <summary>
            模拟服务集合扩展方法
            </summary>
        </member>
        <member name="M:BinanceApps.Core.Extensions.SimulatedServiceCollectionExtensions.AddBinanceAppsSimulated(Microsoft.Extensions.DependencyInjection.IServiceCollection)">
            <summary>
            添加币安应用模拟服务
            </summary>
            <param name="services">服务集合</param>
            <returns>服务集合</returns>
        </member>
        <member name="M:BinanceApps.Core.Extensions.SimulatedServiceCollectionExtensions.AddBinanceAppsSimulatedOnly(Microsoft.Extensions.DependencyInjection.IServiceCollection)">
            <summary>
            添加币安应用模拟服务（替换真实服务）
            </summary>
            <param name="services">服务集合</param>
            <returns>服务集合</returns>
        </member>
        <member name="T:BinanceApps.Core.Interfaces.IBinanceApiClient">
            <summary>
            币安API客户端基础接口
            </summary>
        </member>
        <member name="P:BinanceApps.Core.Interfaces.IBinanceApiClient.ApiKey">
            <summary>
            API密钥
            </summary>
        </member>
        <member name="P:BinanceApps.Core.Interfaces.IBinanceApiClient.SecretKey">
            <summary>
            密钥
            </summary>
        </member>
        <member name="P:BinanceApps.Core.Interfaces.IBinanceApiClient.IsTestnet">
            <summary>
            是否使用测试网络
            </summary>
        </member>
        <member name="P:BinanceApps.Core.Interfaces.IBinanceApiClient.BaseUrl">
            <summary>
            基础URL
            </summary>
        </member>
        <member name="M:BinanceApps.Core.Interfaces.IBinanceApiClient.InitializeAsync(System.String,System.String,System.Boolean)">
            <summary>
            初始化客户端
            </summary>
            <param name="apiKey">API密钥</param>
            <param name="secretKey">密钥</param>
            <param name="isTestnet">是否使用测试网络</param>
        </member>
        <member name="M:BinanceApps.Core.Interfaces.IBinanceApiClient.TestConnectionAsync">
            <summary>
            测试连接
            </summary>
            <returns>连接是否成功</returns>
        </member>
        <member name="M:BinanceApps.Core.Interfaces.IBinanceApiClient.GetServerTimeAsync">
            <summary>
            获取服务器时间
            </summary>
            <returns>服务器时间</returns>
        </member>
        <member name="M:BinanceApps.Core.Interfaces.IBinanceApiClient.GetAccountInfoAsync">
            <summary>
            获取账户信息
            </summary>
            <returns>账户信息</returns>
        </member>
        <member name="M:BinanceApps.Core.Interfaces.IBinanceApiClient.GetAccountBalanceAsync">
            <summary>
            获取账户余额
            </summary>
            <returns>账户余额列表</returns>
        </member>
        <member name="M:BinanceApps.Core.Interfaces.IBinanceApiClient.GetPositionsAsync">
            <summary>
            获取持仓信息
            </summary>
            <returns>持仓信息列表</returns>
        </member>
        <member name="M:BinanceApps.Core.Interfaces.IBinanceApiClient.PlaceOrderAsync(BinanceApps.Core.Models.PlaceOrderRequest)">
            <summary>
            下单
            </summary>
            <param name="order">订单信息</param>
            <returns>订单结果</returns>
        </member>
        <member name="M:BinanceApps.Core.Interfaces.IBinanceApiClient.CancelOrderAsync(System.String,System.Int64)">
            <summary>
            取消订单
            </summary>
            <param name="symbol">交易对</param>
            <param name="orderId">订单ID</param>
            <returns>取消结果</returns>
        </member>
        <member name="M:BinanceApps.Core.Interfaces.IBinanceApiClient.GetOrderAsync(System.String,System.Int64)">
            <summary>
            获取订单信息
            </summary>
            <param name="symbol">交易对</param>
            <param name="orderId">订单ID</param>
            <returns>订单信息</returns>
        </member>
        <member name="M:BinanceApps.Core.Interfaces.IBinanceApiClient.GetOrdersAsync(System.String,System.Int32)">
            <summary>
            获取订单列表
            </summary>
            <param name="symbol">交易对</param>
            <param name="limit">限制数量</param>
            <returns>订单列表</returns>
        </member>
        <member name="M:BinanceApps.Core.Interfaces.IBinanceApiClient.GetKlinesAsync(System.String,BinanceApps.Core.Models.KlineInterval,System.Int32)">
            <summary>
            获取K线数据
            </summary>
            <param name="symbol">交易对</param>
            <param name="interval">时间间隔</param>
            <param name="limit">限制数量</param>
            <returns>K线数据列表</returns>
        </member>
        <member name="M:BinanceApps.Core.Interfaces.IBinanceApiClient.Get24hrPriceStatisticsAsync(System.String)">
            <summary>
            获取24小时价格统计
            </summary>
            <param name="symbol">交易对</param>
            <returns>24小时价格统计</returns>
        </member>
        <member name="M:BinanceApps.Core.Interfaces.IBinanceApiClient.GetLatestPriceAsync(System.String)">
            <summary>
            获取最新价格
            </summary>
            <param name="symbol">交易对</param>
            <returns>最新价格</returns>
        </member>
        <member name="T:BinanceApps.Core.Interfaces.IBinanceSimulatedApiClient">
            <summary>
            币安模拟API客户端接口
            继承自基础API客户端，提供模拟交易功能
            </summary>
        </member>
        <member name="M:BinanceApps.Core.Interfaces.IBinanceSimulatedApiClient.ResetSimulatedAccountAsync(System.Decimal)">
            <summary>
            重置模拟账户数据
            </summary>
            <param name="initialBalance">初始余额（USDT）</param>
        </member>
        <member name="M:BinanceApps.Core.Interfaces.IBinanceSimulatedApiClient.SetSimulatedPriceAsync(System.String,System.Decimal)">
            <summary>
            设置模拟价格
            </summary>
            <param name="symbol">交易对</param>
            <param name="price">价格</param>
        </member>
        <member name="M:BinanceApps.Core.Interfaces.IBinanceSimulatedApiClient.GetSimulatedBalanceAsync">
            <summary>
            获取模拟账户余额
            </summary>
            <returns>模拟账户余额</returns>
        </member>
        <member name="M:BinanceApps.Core.Interfaces.IBinanceSimulatedApiClient.GetSimulatedPositionsAsync">
            <summary>
            获取模拟持仓信息
            </summary>
            <returns>模拟持仓信息</returns>
        </member>
        <member name="M:BinanceApps.Core.Interfaces.IBinanceSimulatedApiClient.GetSimulatedOrdersAsync(System.String,System.Int32)">
            <summary>
            获取模拟订单列表
            </summary>
            <param name="symbol">交易对</param>
            <param name="limit">限制数量</param>
            <returns>模拟订单列表</returns>
        </member>
        <member name="M:BinanceApps.Core.Interfaces.IBinanceSimulatedApiClient.GetSimulatedKlinesAsync(System.String,BinanceApps.Core.Models.KlineInterval,System.Int32)">
            <summary>
            获取模拟K线数据
            </summary>
            <param name="symbol">交易对</param>
            <param name="interval">时间间隔</param>
            <param name="limit">限制数量</param>
            <returns>模拟K线数据</returns>
        </member>
        <member name="M:BinanceApps.Core.Interfaces.IBinanceSimulatedApiClient.GetAllTicksAsync">
            <summary>
            获取所有tick数据（24小时价格统计）
            </summary>
        </member>
        <member name="M:BinanceApps.Core.Interfaces.IBinanceSimulatedApiClient.GetAllSymbolsInfoAsync">
            <summary>
            获取所有可交易合约信息
            </summary>
        </member>
        <member name="M:BinanceApps.Core.Interfaces.IBinanceSimulatedApiClient.LoadSymbolsFromFileAsync">
            <summary>
            从本地文件加载合约信息
            </summary>
        </member>
        <member name="M:BinanceApps.Core.Interfaces.IBinanceSimulatedApiClient.SaveSymbolsToFileAsync(System.Collections.Generic.List{BinanceApps.Core.Models.SymbolInfo})">
            <summary>
            保存合约信息到本地文件
            </summary>
        </member>
        <member name="M:BinanceApps.Core.Interfaces.IBinanceSimulatedApiClient.GetBinancePerpetualTicksAsync">
            <summary>
            从币安交易所获取永续合约tick信息
            </summary>
        </member>
        <member name="M:BinanceApps.Core.Interfaces.IBinanceSimulatedApiClient.GetSymbolInfoAsync(System.String)">
            <summary>
            获取单个合约的详细信息
            </summary>
        </member>
        <member name="T:BinanceApps.Core.Models.Balance">
            <summary>
            账户余额
            </summary>
        </member>
        <member name="P:BinanceApps.Core.Models.Balance.Asset">
            <summary>
            资产名称
            </summary>
        </member>
        <member name="P:BinanceApps.Core.Models.Balance.AvailableBalance">
            <summary>
            可用余额
            </summary>
        </member>
        <member name="P:BinanceApps.Core.Models.Balance.TotalBalance">
            <summary>
            总余额
            </summary>
        </member>
        <member name="P:BinanceApps.Core.Models.Balance.FrozenBalance">
            <summary>
            冻结余额
            </summary>
        </member>
        <member name="P:BinanceApps.Core.Models.Balance.WalletBalance">
            <summary>
            钱包余额
            </summary>
        </member>
        <member name="P:BinanceApps.Core.Models.Balance.UnrealizedPnl">
            <summary>
            未实现盈亏
            </summary>
        </member>
        <member name="P:BinanceApps.Core.Models.Balance.MarginBalance">
            <summary>
            保证金余额
            </summary>
        </member>
        <member name="P:BinanceApps.Core.Models.Balance.UpdateTime">
            <summary>
            更新时间
            </summary>
        </member>
        <member name="T:BinanceApps.Core.Models.AccountInfo">
            <summary>
            账户信息
            </summary>
        </member>
        <member name="P:BinanceApps.Core.Models.AccountInfo.AccountType">
            <summary>
            账户类型
            </summary>
        </member>
        <member name="P:BinanceApps.Core.Models.AccountInfo.CanTrade">
            <summary>
            是否可交易
            </summary>
        </member>
        <member name="P:BinanceApps.Core.Models.AccountInfo.CanWithdraw">
            <summary>
            是否可提现
            </summary>
        </member>
        <member name="P:BinanceApps.Core.Models.AccountInfo.CanDeposit">
            <summary>
            是否可充值
            </summary>
        </member>
        <member name="P:BinanceApps.Core.Models.AccountInfo.UpdateTime">
            <summary>
            更新时间
            </summary>
        </member>
        <member name="P:BinanceApps.Core.Models.AccountInfo.TotalWalletBalance">
            <summary>
            总资产（USDT）
            </summary>
        </member>
        <member name="P:BinanceApps.Core.Models.AccountInfo.TotalUnrealizedPnl">
            <summary>
            总未实现盈亏（USDT）
            </summary>
        </member>
        <member name="P:BinanceApps.Core.Models.AccountInfo.TotalMarginBalance">
            <summary>
            总保证金余额（USDT）
            </summary>
        </member>
        <member name="P:BinanceApps.Core.Models.AccountInfo.TotalAvailableBalance">
            <summary>
            可用余额（USDT）
            </summary>
        </member>
        <member name="P:BinanceApps.Core.Models.AccountInfo.Balances">
            <summary>
            账户余额列表
            </summary>
        </member>
        <member name="T:BinanceApps.Core.Models.TradeHistory">
            <summary>
            交易历史记录
            </summary>
        </member>
        <member name="P:BinanceApps.Core.Models.TradeHistory.TradeId">
            <summary>
            交易ID
            </summary>
        </member>
        <member name="P:BinanceApps.Core.Models.TradeHistory.OrderId">
            <summary>
            订单ID
            </summary>
        </member>
        <member name="P:BinanceApps.Core.Models.TradeHistory.Symbol">
            <summary>
            交易对
            </summary>
        </member>
        <member name="P:BinanceApps.Core.Models.TradeHistory.Price">
            <summary>
            价格
            </summary>
        </member>
        <member name="P:BinanceApps.Core.Models.TradeHistory.Quantity">
            <summary>
            数量
            </summary>
        </member>
        <member name="P:BinanceApps.Core.Models.TradeHistory.QuoteQuantity">
            <summary>
            成交金额
            </summary>
        </member>
        <member name="P:BinanceApps.Core.Models.TradeHistory.Commission">
            <summary>
            手续费
            </summary>
        </member>
        <member name="P:BinanceApps.Core.Models.TradeHistory.CommissionAsset">
            <summary>
            手续费资产
            </summary>
        </member>
        <member name="P:BinanceApps.Core.Models.TradeHistory.TradeTime">
            <summary>
            交易时间
            </summary>
        </member>
        <member name="P:BinanceApps.Core.Models.TradeHistory.IsBuyer">
            <summary>
            是否买方
            </summary>
        </member>
        <member name="P:BinanceApps.Core.Models.TradeHistory.IsMaker">
            <summary>
            是否做市商
            </summary>
        </member>
        <member name="T:BinanceApps.Core.Models.FundingRate">
            <summary>
            资金费率
            </summary>
        </member>
        <member name="P:BinanceApps.Core.Models.FundingRate.Symbol">
            <summary>
            交易对
            </summary>
        </member>
        <member name="P:BinanceApps.Core.Models.FundingRate.FundingRateValue">
            <summary>
            资金费率
            </summary>
        </member>
        <member name="P:BinanceApps.Core.Models.FundingRate.FundingTime">
            <summary>
            资金费率时间
            </summary>
        </member>
        <member name="P:BinanceApps.Core.Models.FundingRate.NextFundingTime">
            <summary>
            下次资金费率时间
            </summary>
        </member>
        <member name="P:BinanceApps.Core.Models.FundingRate.PredictedFundingRate">
            <summary>
            预测资金费率
            </summary>
        </member>
        <member name="T:BinanceApps.Core.Models.LeverageInfo">
            <summary>
            杠杆信息
            </summary>
        </member>
        <member name="P:BinanceApps.Core.Models.LeverageInfo.Symbol">
            <summary>
            交易对
            </summary>
        </member>
        <member name="P:BinanceApps.Core.Models.LeverageInfo.Leverage">
            <summary>
            杠杆倍数
            </summary>
        </member>
        <member name="P:BinanceApps.Core.Models.LeverageInfo.MaxLeverage">
            <summary>
            最大杠杆倍数
            </summary>
        </member>
        <member name="P:BinanceApps.Core.Models.LeverageInfo.MarginType">
            <summary>
            保证金类型
            </summary>
        </member>
        <member name="P:BinanceApps.Core.Models.LeverageInfo.Adjustable">
            <summary>
            是否可调整杠杆
            </summary>
        </member>
        <member name="T:BinanceApps.Core.Models.RiskInfo">
            <summary>
            风险信息
            </summary>
        </member>
        <member name="P:BinanceApps.Core.Models.RiskInfo.Symbol">
            <summary>
            交易对
            </summary>
        </member>
        <member name="P:BinanceApps.Core.Models.RiskInfo.MarginRatio">
            <summary>
            保证金率
            </summary>
        </member>
        <member name="P:BinanceApps.Core.Models.RiskInfo.MaintMarginRatio">
            <summary>
            维持保证金率
            </summary>
        </member>
        <member name="P:BinanceApps.Core.Models.RiskInfo.LiquidationPrice">
            <summary>
            强平价格
            </summary>
        </member>
        <member name="P:BinanceApps.Core.Models.RiskInfo.RiskLevel">
            <summary>
            风险等级
            </summary>
        </member>
        <member name="P:BinanceApps.Core.Models.RiskInfo.UpdateTime">
            <summary>
            更新时间
            </summary>
        </member>
        <member name="T:BinanceApps.Core.Models.Position">
            <summary>
            持仓信息
            </summary>
        </member>
        <member name="P:BinanceApps.Core.Models.Position.Symbol">
            <summary>
            交易对
            </summary>
        </member>
        <member name="P:BinanceApps.Core.Models.Position.PositionSide">
            <summary>
            持仓方向
            </summary>
        </member>
        <member name="P:BinanceApps.Core.Models.Position.PositionAmt">
            <summary>
            持仓数量
            </summary>
        </member>
        <member name="P:BinanceApps.Core.Models.Position.PositionValue">
            <summary>
            持仓价值
            </summary>
        </member>
        <member name="P:BinanceApps.Core.Models.Position.EntryPrice">
            <summary>
            开仓价格
            </summary>
        </member>
        <member name="P:BinanceApps.Core.Models.Position.MarkPrice">
            <summary>
            标记价格
            </summary>
        </member>
        <member name="P:BinanceApps.Core.Models.Position.UnrealizedPnl">
            <summary>
            未实现盈亏
            </summary>
        </member>
        <member name="P:BinanceApps.Core.Models.Position.RealizedPnl">
            <summary>
            已实现盈亏
            </summary>
        </member>
        <member name="P:BinanceApps.Core.Models.Position.Leverage">
            <summary>
            杠杆倍数
            </summary>
        </member>
        <member name="P:BinanceApps.Core.Models.Position.MarginType">
            <summary>
            保证金类型
            </summary>
        </member>
        <member name="P:BinanceApps.Core.Models.Position.AutoAddMargin">
            <summary>
            是否自动追加保证金
            </summary>
        </member>
        <member name="P:BinanceApps.Core.Models.Position.UpdateTime">
            <summary>
            更新时间
            </summary>
        </member>
        <member name="T:BinanceApps.Core.Models.ContractSupplyData">
            <summary>
            合约发行量数据模型
            </summary>
        </member>
        <member name="P:BinanceApps.Core.Models.ContractSupplyData.Symbol">
            <summary>
            合约代码 (如 BTCUSDT)
            </summary>
        </member>
        <member name="P:BinanceApps.Core.Models.ContractSupplyData.BaseAsset">
            <summary>
            基础资产代码 (如 BTC)
            </summary>
        </member>
        <member name="P:BinanceApps.Core.Models.ContractSupplyData.CirculatingSupply">
            <summary>
            流通供应量
            </summary>
        </member>
        <member name="P:BinanceApps.Core.Models.ContractSupplyData.TotalSupply">
            <summary>
            总供应量
            </summary>
        </member>
        <member name="P:BinanceApps.Core.Models.ContractSupplyData.MaxSupply">
            <summary>
            最大供应量
            </summary>
        </member>
        <member name="P:BinanceApps.Core.Models.ContractSupplyData.LastUpdated">
            <summary>
            最后更新时间
            </summary>
        </member>
        <member name="P:BinanceApps.Core.Models.ContractSupplyData.DataSource">
            <summary>
            数据来源
            </summary>
        </member>
        <member name="P:BinanceApps.Core.Models.ContractSupplyData.IsValid">
            <summary>
            是否有效数据
            </summary>
        </member>
        <member name="T:BinanceApps.Core.Models.MarketCapData">
            <summary>
            市值数据模型
            </summary>
        </member>
        <member name="P:BinanceApps.Core.Models.MarketCapData.Symbol">
            <summary>
            合约代码
            </summary>
        </member>
        <member name="P:BinanceApps.Core.Models.MarketCapData.BaseAsset">
            <summary>
            基础资产代码
            </summary>
        </member>
        <member name="P:BinanceApps.Core.Models.MarketCapData.CurrentPrice">
            <summary>
            当前价格
            </summary>
        </member>
        <member name="P:BinanceApps.Core.Models.MarketCapData.CirculatingSupply">
            <summary>
            流通供应量
            </summary>
        </member>
        <member name="P:BinanceApps.Core.Models.MarketCapData.MarketCap">
            <summary>
            市值 (价格 × 流通供应量)
            </summary>
        </member>
        <member name="P:BinanceApps.Core.Models.MarketCapData.FullyDilutedCap">
            <summary>
            完全稀释市值 (价格 × 最大供应量)
            </summary>
        </member>
        <member name="P:BinanceApps.Core.Models.MarketCapData.MarketCapRank">
            <summary>
            市值排名
            </summary>
        </member>
        <member name="P:BinanceApps.Core.Models.MarketCapData.CalculatedAt">
            <summary>
            计算时间
            </summary>
        </member>
        <member name="P:BinanceApps.Core.Models.MarketCapData.FormattedMarketCap">
            <summary>
            格式化市值显示
            </summary>
        </member>
        <member name="T:BinanceApps.Core.Models.SupplyDataFile">
            <summary>
            发行量数据文件结构
            </summary>
        </member>
        <member name="P:BinanceApps.Core.Models.SupplyDataFile.LastUpdated">
            <summary>
            文件最后更新时间
            </summary>
        </member>
        <member name="P:BinanceApps.Core.Models.SupplyDataFile.Version">
            <summary>
            数据版本
            </summary>
        </member>
        <member name="P:BinanceApps.Core.Models.SupplyDataFile.Contracts">
            <summary>
            合约发行量数据列表
            </summary>
        </member>
        <member name="P:BinanceApps.Core.Models.SupplyDataFile.DataSources">
            <summary>
            数据来源说明
            </summary>
        </member>
        <member name="T:BinanceApps.Core.Models.OrderType">
            <summary>
            订单类型
            </summary>
        </member>
        <member name="F:BinanceApps.Core.Models.OrderType.Market">
            <summary>
            市价单
            </summary>
        </member>
        <member name="F:BinanceApps.Core.Models.OrderType.Limit">
            <summary>
            限价单
            </summary>
        </member>
        <member name="F:BinanceApps.Core.Models.OrderType.Stop">
            <summary>
            止损单
            </summary>
        </member>
        <member name="F:BinanceApps.Core.Models.OrderType.StopLimit">
            <summary>
            止损限价单
            </summary>
        </member>
        <member name="F:BinanceApps.Core.Models.OrderType.TrailingStop">
            <summary>
            跟踪止损单
            </summary>
        </member>
        <member name="F:BinanceApps.Core.Models.OrderType.Iceberg">
            <summary>
            冰山单
            </summary>
        </member>
        <member name="T:BinanceApps.Core.Models.OrderSide">
            <summary>
            订单方向
            </summary>
        </member>
        <member name="F:BinanceApps.Core.Models.OrderSide.Buy">
            <summary>
            买入
            </summary>
        </member>
        <member name="F:BinanceApps.Core.Models.OrderSide.Sell">
            <summary>
            卖出
            </summary>
        </member>
        <member name="T:BinanceApps.Core.Models.PositionSide">
            <summary>
            持仓方向
            </summary>
        </member>
        <member name="F:BinanceApps.Core.Models.PositionSide.Long">
            <summary>
            多头
            </summary>
        </member>
        <member name="F:BinanceApps.Core.Models.PositionSide.Short">
            <summary>
            空头
            </summary>
        </member>
        <member name="F:BinanceApps.Core.Models.PositionSide.Both">
            <summary>
            双向持仓
            </summary>
        </member>
        <member name="T:BinanceApps.Core.Models.OrderStatus">
            <summary>
            订单状态
            </summary>
        </member>
        <member name="F:BinanceApps.Core.Models.OrderStatus.New">
            <summary>
            新建
            </summary>
        </member>
        <member name="F:BinanceApps.Core.Models.OrderStatus.PartiallyFilled">
            <summary>
            部分成交
            </summary>
        </member>
        <member name="F:BinanceApps.Core.Models.OrderStatus.Filled">
            <summary>
            全部成交
            </summary>
        </member>
        <member name="F:BinanceApps.Core.Models.OrderStatus.Canceled">
            <summary>
            已取消
            </summary>
        </member>
        <member name="F:BinanceApps.Core.Models.OrderStatus.Rejected">
            <summary>
            已拒绝
            </summary>
        </member>
        <member name="F:BinanceApps.Core.Models.OrderStatus.Expired">
            <summary>
            已过期
            </summary>
        </member>
        <member name="T:BinanceApps.Core.Models.TimeInForce">
            <summary>
            时间类型
            </summary>
        </member>
        <member name="F:BinanceApps.Core.Models.TimeInForce.IOC">
            <summary>
            立即成交或取消
            </summary>
        </member>
        <member name="F:BinanceApps.Core.Models.TimeInForce.FOK">
            <summary>
            全部成交或取消
            </summary>
        </member>
        <member name="F:BinanceApps.Core.Models.TimeInForce.GTC">
            <summary>
            一直有效直到取消
            </summary>
        </member>
        <member name="F:BinanceApps.Core.Models.TimeInForce.DAY">
            <summary>
            当日有效
            </summary>
        </member>
        <member name="T:BinanceApps.Core.Models.ContractType">
            <summary>
            合约类型
            </summary>
        </member>
        <member name="F:BinanceApps.Core.Models.ContractType.Perpetual">
            <summary>
            永续合约
            </summary>
        </member>
        <member name="F:BinanceApps.Core.Models.ContractType.Quarterly">
            <summary>
            季度合约
            </summary>
        </member>
        <member name="F:BinanceApps.Core.Models.ContractType.NextQuarterly">
            <summary>
            次季度合约
            </summary>
        </member>
        <member name="T:BinanceApps.Core.Models.KlineInterval">
            <summary>
            K线时间间隔
            </summary>
        </member>
        <member name="F:BinanceApps.Core.Models.KlineInterval.OneMinute">
            <summary>
            1分钟
            </summary>
        </member>
        <member name="F:BinanceApps.Core.Models.KlineInterval.ThreeMinutes">
            <summary>
            3分钟
            </summary>
        </member>
        <member name="F:BinanceApps.Core.Models.KlineInterval.FiveMinutes">
            <summary>
            5分钟
            </summary>
        </member>
        <member name="F:BinanceApps.Core.Models.KlineInterval.FifteenMinutes">
            <summary>
            15分钟
            </summary>
        </member>
        <member name="F:BinanceApps.Core.Models.KlineInterval.ThirtyMinutes">
            <summary>
            30分钟
            </summary>
        </member>
        <member name="F:BinanceApps.Core.Models.KlineInterval.OneHour">
            <summary>
            1小时
            </summary>
        </member>
        <member name="F:BinanceApps.Core.Models.KlineInterval.TwoHours">
            <summary>
            2小时
            </summary>
        </member>
        <member name="F:BinanceApps.Core.Models.KlineInterval.FourHours">
            <summary>
            4小时
            </summary>
        </member>
        <member name="F:BinanceApps.Core.Models.KlineInterval.SixHours">
            <summary>
            6小时
            </summary>
        </member>
        <member name="F:BinanceApps.Core.Models.KlineInterval.EightHours">
            <summary>
            8小时
            </summary>
        </member>
        <member name="F:BinanceApps.Core.Models.KlineInterval.TwelveHours">
            <summary>
            12小时
            </summary>
        </member>
        <member name="F:BinanceApps.Core.Models.KlineInterval.OneDay">
            <summary>
            1天
            </summary>
        </member>
        <member name="F:BinanceApps.Core.Models.KlineInterval.ThreeDays">
            <summary>
            3天
            </summary>
        </member>
        <member name="F:BinanceApps.Core.Models.KlineInterval.OneWeek">
            <summary>
            1周
            </summary>
        </member>
        <member name="F:BinanceApps.Core.Models.KlineInterval.OneMonth">
            <summary>
            1月
            </summary>
        </member>
        <member name="T:BinanceApps.Core.Models.LocationData">
            <summary>
            位置数据模型
            </summary>
        </member>
        <member name="P:BinanceApps.Core.Models.LocationData.Symbol">
            <summary>
            合约代码
            </summary>
        </member>
        <member name="P:BinanceApps.Core.Models.LocationData.CurrentPrice">
            <summary>
            当前价格
            </summary>
        </member>
        <member name="P:BinanceApps.Core.Models.LocationData.LocationRatio">
            <summary>
            位置比例 (close-lowest)/(highest-lowest)
            </summary>
        </member>
        <member name="P:BinanceApps.Core.Models.LocationData.HighestPrice">
            <summary>
            最高价格
            </summary>
        </member>
        <member name="P:BinanceApps.Core.Models.LocationData.LowestPrice">
            <summary>
            最低价格
            </summary>
        </member>
        <member name="P:BinanceApps.Core.Models.LocationData.PriceRange">
            <summary>
            价格区间 (highest - lowest)
            </summary>
        </member>
        <member name="P:BinanceApps.Core.Models.LocationData.Status">
            <summary>
            状态描述
            </summary>
        </member>
        <member name="T:BinanceApps.Core.Models.KlineData">
            <summary>
            K线数据
            </summary>
        </member>
        <member name="P:BinanceApps.Core.Models.KlineData.OpenTime">
            <summary>
            开盘时间
            </summary>
        </member>
        <member name="P:BinanceApps.Core.Models.KlineData.OpenPrice">
            <summary>
            开盘价
            </summary>
        </member>
        <member name="P:BinanceApps.Core.Models.KlineData.HighPrice">
            <summary>
            最高价
            </summary>
        </member>
        <member name="P:BinanceApps.Core.Models.KlineData.LowPrice">
            <summary>
            最低价
            </summary>
        </member>
        <member name="P:BinanceApps.Core.Models.KlineData.ClosePrice">
            <summary>
            收盘价
            </summary>
        </member>
        <member name="P:BinanceApps.Core.Models.KlineData.Volume">
            <summary>
            成交量
            </summary>
        </member>
        <member name="P:BinanceApps.Core.Models.KlineData.CloseTime">
            <summary>
            收盘时间
            </summary>
        </member>
        <member name="P:BinanceApps.Core.Models.KlineData.QuoteVolume">
            <summary>
            成交额
            </summary>
        </member>
        <member name="P:BinanceApps.Core.Models.KlineData.TradeCount">
            <summary>
            成交笔数
            </summary>
        </member>
        <member name="P:BinanceApps.Core.Models.KlineData.TakerBuyVolume">
            <summary>
            主动买入成交量
            </summary>
        </member>
        <member name="P:BinanceApps.Core.Models.KlineData.TakerBuyQuoteVolume">
            <summary>
            主动买入成交额
            </summary>
        </member>
        <member name="T:BinanceApps.Core.Models.PriceStatistics">
            <summary>
            24小时价格统计
            </summary>
        </member>
        <member name="P:BinanceApps.Core.Models.PriceStatistics.Symbol">
            <summary>
            交易对
            </summary>
        </member>
        <member name="P:BinanceApps.Core.Models.PriceStatistics.PriceChange">
            <summary>
            价格变化
            </summary>
        </member>
        <member name="P:BinanceApps.Core.Models.PriceStatistics.PriceChangePercent">
            <summary>
            价格变化百分比
            </summary>
        </member>
        <member name="P:BinanceApps.Core.Models.PriceStatistics.WeightedAvgPrice">
            <summary>
            加权平均价格
            </summary>
        </member>
        <member name="P:BinanceApps.Core.Models.PriceStatistics.PrevClosePrice">
            <summary>
            前一日收盘价
            </summary>
        </member>
        <member name="P:BinanceApps.Core.Models.PriceStatistics.LastPrice">
            <summary>
            最新价格
            </summary>
        </member>
        <member name="P:BinanceApps.Core.Models.PriceStatistics.LastQty">
            <summary>
            最新价格数量
            </summary>
        </member>
        <member name="P:BinanceApps.Core.Models.PriceStatistics.HighPrice">
            <summary>
            最高价
            </summary>
        </member>
        <member name="P:BinanceApps.Core.Models.PriceStatistics.LowPrice">
            <summary>
            最低价
            </summary>
        </member>
        <member name="P:BinanceApps.Core.Models.PriceStatistics.Volume">
            <summary>
            成交量
            </summary>
        </member>
        <member name="P:BinanceApps.Core.Models.PriceStatistics.QuoteVolume">
            <summary>
            成交额
            </summary>
        </member>
        <member name="P:BinanceApps.Core.Models.PriceStatistics.OpenPrice">
            <summary>
            开盘价
            </summary>
        </member>
        <member name="P:BinanceApps.Core.Models.PriceStatistics.OpenTime">
            <summary>
            开盘时间
            </summary>
        </member>
        <member name="P:BinanceApps.Core.Models.PriceStatistics.CloseTime">
            <summary>
            收盘时间
            </summary>
        </member>
        <member name="P:BinanceApps.Core.Models.PriceStatistics.FirstId">
            <summary>
            第一笔交易ID
            </summary>
        </member>
        <member name="P:BinanceApps.Core.Models.PriceStatistics.LastId">
            <summary>
            最后一笔交易ID
            </summary>
        </member>
        <member name="P:BinanceApps.Core.Models.PriceStatistics.Count">
            <summary>
            成交笔数
            </summary>
        </member>
        <member name="T:BinanceApps.Core.Models.DepthData">
            <summary>
            深度数据
            </summary>
        </member>
        <member name="P:BinanceApps.Core.Models.DepthData.LastUpdateId">
            <summary>
            最后更新ID
            </summary>
        </member>
        <member name="P:BinanceApps.Core.Models.DepthData.Bids">
            <summary>
            买单深度
            </summary>
        </member>
        <member name="P:BinanceApps.Core.Models.DepthData.Asks">
            <summary>
            卖单深度
            </summary>
        </member>
        <member name="P:BinanceApps.Core.Models.DepthData.UpdateTime">
            <summary>
            更新时间
            </summary>
        </member>
        <member name="T:BinanceApps.Core.Models.DepthLevel">
            <summary>
            深度级别
            </summary>
        </member>
        <member name="P:BinanceApps.Core.Models.DepthLevel.Price">
            <summary>
            价格
            </summary>
        </member>
        <member name="P:BinanceApps.Core.Models.DepthLevel.Quantity">
            <summary>
            数量
            </summary>
        </member>
        <member name="T:BinanceApps.Core.Models.RecentTrade">
            <summary>
            最新成交
            </summary>
        </member>
        <member name="P:BinanceApps.Core.Models.RecentTrade.TradeId">
            <summary>
            交易ID
            </summary>
        </member>
        <member name="P:BinanceApps.Core.Models.RecentTrade.Price">
            <summary>
            价格
            </summary>
        </member>
        <member name="P:BinanceApps.Core.Models.RecentTrade.Quantity">
            <summary>
            数量
            </summary>
        </member>
        <member name="P:BinanceApps.Core.Models.RecentTrade.TradeTime">
            <summary>
            成交时间
            </summary>
        </member>
        <member name="P:BinanceApps.Core.Models.RecentTrade.IsBuyerMaker">
            <summary>
            是否买方主动成交
            </summary>
        </member>
        <member name="T:BinanceApps.Core.Models.MarkPrice">
            <summary>
            标记价格
            </summary>
        </member>
        <member name="P:BinanceApps.Core.Models.MarkPrice.Symbol">
            <summary>
            交易对
            </summary>
        </member>
        <member name="P:BinanceApps.Core.Models.MarkPrice.MarkPriceValue">
            <summary>
            标记价格
            </summary>
        </member>
        <member name="P:BinanceApps.Core.Models.MarkPrice.IndexPrice">
            <summary>
            指数价格
            </summary>
        </member>
        <member name="P:BinanceApps.Core.Models.MarkPrice.EstimatedSettlePrice">
            <summary>
            预估结算价格
            </summary>
        </member>
        <member name="P:BinanceApps.Core.Models.MarkPrice.LastFundingRate">
            <summary>
            上次资金费率
            </summary>
        </member>
        <member name="P:BinanceApps.Core.Models.MarkPrice.NextFundingTime">
            <summary>
            下次资金费率时间
            </summary>
        </member>
        <member name="P:BinanceApps.Core.Models.MarkPrice.InterestRate">
            <summary>
            利息率
            </summary>
        </member>
        <member name="P:BinanceApps.Core.Models.MarkPrice.Time">
            <summary>
            时间
            </summary>
        </member>
        <member name="T:BinanceApps.Core.Models.FundingRateHistory">
            <summary>
            资金费率历史
            </summary>
        </member>
        <member name="P:BinanceApps.Core.Models.FundingRateHistory.Symbol">
            <summary>
            交易对
            </summary>
        </member>
        <member name="P:BinanceApps.Core.Models.FundingRateHistory.FundingRate">
            <summary>
            资金费率
            </summary>
        </member>
        <member name="P:BinanceApps.Core.Models.FundingRateHistory.FundingTime">
            <summary>
            资金费率时间
            </summary>
        </member>
        <member name="T:BinanceApps.Core.Models.ExchangeInfo">
            <summary>
            交易对信息
            </summary>
        </member>
        <member name="P:BinanceApps.Core.Models.ExchangeInfo.Timezone">
            <summary>
            时区
            </summary>
        </member>
        <member name="P:BinanceApps.Core.Models.ExchangeInfo.ServerTime">
            <summary>
            服务器时间
            </summary>
        </member>
        <member name="P:BinanceApps.Core.Models.ExchangeInfo.Symbols">
            <summary>
            交易对信息列表
            </summary>
        </member>
        <member name="P:BinanceApps.Core.Models.ExchangeInfo.ExchangeFilters">
            <summary>
            交易规则
            </summary>
        </member>
        <member name="T:BinanceApps.Core.Models.ExchangeFilter">
            <summary>
            交易所过滤器
            </summary>
        </member>
        <member name="P:BinanceApps.Core.Models.ExchangeFilter.FilterType">
            <summary>
            过滤器类型
            </summary>
        </member>
        <member name="P:BinanceApps.Core.Models.ExchangeFilter.MaxNumOrders">
            <summary>
            最大订单数量
            </summary>
        </member>
        <member name="P:BinanceApps.Core.Models.ExchangeFilter.MaxNumAlgoOrders">
            <summary>
            最大算法订单数量
            </summary>
        </member>
        <member name="P:BinanceApps.Core.Models.ExchangeFilter.MaxPrice">
            <summary>
            最大价格
            </summary>
        </member>
        <member name="P:BinanceApps.Core.Models.ExchangeFilter.MinPrice">
            <summary>
            最小价格
            </summary>
        </member>
        <member name="P:BinanceApps.Core.Models.ExchangeFilter.PricePrecision">
            <summary>
            价格精度
            </summary>
        </member>
        <member name="P:BinanceApps.Core.Models.ExchangeFilter.QtyPrecision">
            <summary>
            数量精度
            </summary>
        </member>
        <member name="T:BinanceApps.Core.Models.Kline">
            <summary>
            K线数据
            </summary>
        </member>
        <member name="P:BinanceApps.Core.Models.Kline.Symbol">
            <summary>
            交易对
            </summary>
        </member>
        <member name="P:BinanceApps.Core.Models.Kline.OpenTime">
            <summary>
            开盘时间
            </summary>
        </member>
        <member name="P:BinanceApps.Core.Models.Kline.OpenPrice">
            <summary>
            开盘价
            </summary>
        </member>
        <member name="P:BinanceApps.Core.Models.Kline.HighPrice">
            <summary>
            最高价
            </summary>
        </member>
        <member name="P:BinanceApps.Core.Models.Kline.LowPrice">
            <summary>
            最低价
            </summary>
        </member>
        <member name="P:BinanceApps.Core.Models.Kline.ClosePrice">
            <summary>
            收盘价
            </summary>
        </member>
        <member name="P:BinanceApps.Core.Models.Kline.Volume">
            <summary>
            成交量
            </summary>
        </member>
        <member name="P:BinanceApps.Core.Models.Kline.CloseTime">
            <summary>
            收盘时间
            </summary>
        </member>
        <member name="P:BinanceApps.Core.Models.Kline.QuoteVolume">
            <summary>
            成交额
            </summary>
        </member>
        <member name="P:BinanceApps.Core.Models.Kline.NumberOfTrades">
            <summary>
            成交笔数
            </summary>
        </member>
        <member name="P:BinanceApps.Core.Models.Kline.TakerBuyVolume">
            <summary>
            主动买入成交量
            </summary>
        </member>
        <member name="P:BinanceApps.Core.Models.Kline.TakerBuyQuoteVolume">
            <summary>
            主动买入成交额
            </summary>
        </member>
        <member name="T:BinanceApps.Core.Models.DailyMarketPosition">
            <summary>
            每日市场位置统计数据
            </summary>
        </member>
        <member name="P:BinanceApps.Core.Models.DailyMarketPosition.Date">
            <summary>
            日期
            </summary>
        </member>
        <member name="P:BinanceApps.Core.Models.DailyMarketPosition.LowPositionCount">
            <summary>
            低位区域合约数量 (0-25%)
            </summary>
        </member>
        <member name="P:BinanceApps.Core.Models.DailyMarketPosition.MidLowPositionCount">
            <summary>
            中低位区域合约数量 (26-50%)
            </summary>
        </member>
        <member name="P:BinanceApps.Core.Models.DailyMarketPosition.MidHighPositionCount">
            <summary>
            中高位区域合约数量 (51-75%)
            </summary>
        </member>
        <member name="P:BinanceApps.Core.Models.DailyMarketPosition.HighPositionCount">
            <summary>
            高位区域合约数量 (76%以上)
            </summary>
        </member>
        <member name="P:BinanceApps.Core.Models.DailyMarketPosition.TotalCount">
            <summary>
            总合约数量
            </summary>
        </member>
        <member name="P:BinanceApps.Core.Models.DailyMarketPosition.IsValid">
            <summary>
            数据是否有效
            </summary>
        </member>
        <member name="P:BinanceApps.Core.Models.DailyMarketPosition.DisplayText">
            <summary>
            格式化显示文本
            </summary>
        </member>
        <member name="T:BinanceApps.Core.Models.MarketPositionHistoryFile">
            <summary>
            市场位置历史记录文件
            </summary>
        </member>
        <member name="P:BinanceApps.Core.Models.MarketPositionHistoryFile.LastUpdated">
            <summary>
            最后更新时间
            </summary>
        </member>
        <member name="P:BinanceApps.Core.Models.MarketPositionHistoryFile.Version">
            <summary>
            数据版本
            </summary>
        </member>
        <member name="P:BinanceApps.Core.Models.MarketPositionHistoryFile.AnalysisDays">
            <summary>
            分析天数
            </summary>
        </member>
        <member name="P:BinanceApps.Core.Models.MarketPositionHistoryFile.DailyPositions">
            <summary>
            每日市场位置统计数据
            </summary>
        </member>
        <member name="M:BinanceApps.Core.Models.MarketPositionHistoryFile.GetPositionByDate(System.DateTime)">
            <summary>
            获取指定日期的数据
            </summary>
        </member>
        <member name="M:BinanceApps.Core.Models.MarketPositionHistoryFile.AddOrUpdatePosition(BinanceApps.Core.Models.DailyMarketPosition)">
            <summary>
            添加或更新指定日期的数据
            </summary>
        </member>
        <member name="M:BinanceApps.Core.Models.MarketPositionHistoryFile.GetRecentDays(System.Int32)">
            <summary>
            获取最近N天的数据
            </summary>
        </member>
        <member name="T:BinanceApps.Core.Models.BaseOrder">
            <summary>
            基础订单模型
            </summary>
        </member>
        <member name="P:BinanceApps.Core.Models.BaseOrder.OrderId">
            <summary>
            订单ID
            </summary>
        </member>
        <member name="P:BinanceApps.Core.Models.BaseOrder.ClientOrderId">
            <summary>
            客户端订单ID
            </summary>
        </member>
        <member name="P:BinanceApps.Core.Models.BaseOrder.Symbol">
            <summary>
            交易对
            </summary>
        </member>
        <member name="P:BinanceApps.Core.Models.BaseOrder.OrderType">
            <summary>
            订单类型
            </summary>
        </member>
        <member name="P:BinanceApps.Core.Models.BaseOrder.Side">
            <summary>
            订单方向
            </summary>
        </member>
        <member name="P:BinanceApps.Core.Models.BaseOrder.PositionSide">
            <summary>
            持仓方向
            </summary>
        </member>
        <member name="P:BinanceApps.Core.Models.BaseOrder.Quantity">
            <summary>
            数量
            </summary>
        </member>
        <member name="P:BinanceApps.Core.Models.BaseOrder.Price">
            <summary>
            价格
            </summary>
        </member>
        <member name="P:BinanceApps.Core.Models.BaseOrder.TimeInForce">
            <summary>
            时间类型
            </summary>
        </member>
        <member name="P:BinanceApps.Core.Models.BaseOrder.Status">
            <summary>
            订单状态
            </summary>
        </member>
        <member name="P:BinanceApps.Core.Models.BaseOrder.ExecutedQuantity">
            <summary>
            已成交数量
            </summary>
        </member>
        <member name="P:BinanceApps.Core.Models.BaseOrder.ExecutedQuoteQuantity">
            <summary>
            已成交金额
            </summary>
        </member>
        <member name="P:BinanceApps.Core.Models.BaseOrder.Commission">
            <summary>
            手续费
            </summary>
        </member>
        <member name="P:BinanceApps.Core.Models.BaseOrder.CommissionAsset">
            <summary>
            手续费资产
            </summary>
        </member>
        <member name="P:BinanceApps.Core.Models.BaseOrder.CreateTime">
            <summary>
            创建时间
            </summary>
        </member>
        <member name="P:BinanceApps.Core.Models.BaseOrder.UpdateTime">
            <summary>
            更新时间
            </summary>
        </member>
        <member name="P:BinanceApps.Core.Models.BaseOrder.IsWorking">
            <summary>
            是否工作
            </summary>
        </member>
        <member name="T:BinanceApps.Core.Models.PerpetualOrder">
            <summary>
            永续合约订单
            </summary>
        </member>
        <member name="P:BinanceApps.Core.Models.PerpetualOrder.Leverage">
            <summary>
            杠杆倍数
            </summary>
        </member>
        <member name="P:BinanceApps.Core.Models.PerpetualOrder.MarginType">
            <summary>
            保证金类型
            </summary>
        </member>
        <member name="P:BinanceApps.Core.Models.PerpetualOrder.ActivatePrice">
            <summary>
            激活价格（止损单）
            </summary>
        </member>
        <member name="P:BinanceApps.Core.Models.PerpetualOrder.CallbackRate">
            <summary>
            回调率（跟踪止损单）
            </summary>
        </member>
        <member name="P:BinanceApps.Core.Models.PerpetualOrder.WorkingType">
            <summary>
            工作类型
            </summary>
        </member>
        <member name="P:BinanceApps.Core.Models.PerpetualOrder.PriceProtect">
            <summary>
            价格保护
            </summary>
        </member>
        <member name="P:BinanceApps.Core.Models.PerpetualOrder.ReduceOnly">
            <summary>
            减少数量
            </summary>
        </member>
        <member name="P:BinanceApps.Core.Models.PerpetualOrder.ClosePosition">
            <summary>
            关闭位置
            </summary>
        </member>
        <member name="T:BinanceApps.Core.Models.ConditionalOrder">
            <summary>
            条件单
            </summary>
        </member>
        <member name="P:BinanceApps.Core.Models.ConditionalOrder.ConditionalOrderId">
            <summary>
            条件单ID
            </summary>
        </member>
        <member name="P:BinanceApps.Core.Models.ConditionalOrder.TriggerPrice">
            <summary>
            触发价格
            </summary>
        </member>
        <member name="P:BinanceApps.Core.Models.ConditionalOrder.TriggerType">
            <summary>
            触发类型
            </summary>
        </member>
        <member name="P:BinanceApps.Core.Models.ConditionalOrder.ConditionalOrderStatus">
            <summary>
            条件单状态
            </summary>
        </member>
        <member name="P:BinanceApps.Core.Models.ConditionalOrder.ConditionalOrderType">
            <summary>
            条件单类型
            </summary>
        </member>
        <member name="P:BinanceApps.Core.Models.ConditionalOrder.ConditionalOrderPrice">
            <summary>
            条件单价格
            </summary>
        </member>
        <member name="P:BinanceApps.Core.Models.ConditionalOrder.ConditionalOrderQuantity">
            <summary>
            条件单数量
            </summary>
        </member>
        <member name="T:BinanceApps.Core.Models.SymbolInfo">
            <summary>
            交易对信息
            </summary>
        </member>
        <member name="P:BinanceApps.Core.Models.SymbolInfo.Symbol">
            <summary>
            交易对
            </summary>
        </member>
        <member name="P:BinanceApps.Core.Models.SymbolInfo.BaseAsset">
            <summary>
            基础资产
            </summary>
        </member>
        <member name="P:BinanceApps.Core.Models.SymbolInfo.QuoteAsset">
            <summary>
            计价资产
            </summary>
        </member>
        <member name="P:BinanceApps.Core.Models.SymbolInfo.MinQty">
            <summary>
            最小数量
            </summary>
        </member>
        <member name="P:BinanceApps.Core.Models.SymbolInfo.MaxQty">
            <summary>
            最大数量
            </summary>
        </member>
        <member name="P:BinanceApps.Core.Models.SymbolInfo.QtyPrecision">
            <summary>
            数量精度
            </summary>
        </member>
        <member name="P:BinanceApps.Core.Models.SymbolInfo.PricePrecision">
            <summary>
            价格精度
            </summary>
        </member>
        <member name="P:BinanceApps.Core.Models.SymbolInfo.MinPrice">
            <summary>
            最小价格
            </summary>
        </member>
        <member name="P:BinanceApps.Core.Models.SymbolInfo.MaxPrice">
            <summary>
            最大价格
            </summary>
        </member>
        <member name="P:BinanceApps.Core.Models.SymbolInfo.MinNotional">
            <summary>
            最小名义价值
            </summary>
        </member>
        <member name="P:BinanceApps.Core.Models.SymbolInfo.IsTrading">
            <summary>
            是否可交易
            </summary>
        </member>
        <member name="P:BinanceApps.Core.Models.SymbolInfo.ContractType">
            <summary>
            合约类型
            </summary>
        </member>
        <member name="P:BinanceApps.Core.Models.SymbolInfo.ExpiryDate">
            <summary>
            合约到期时间
            </summary>
        </member>
        <member name="T:BinanceApps.Core.Models.PlaceOrderRequest">
            <summary>
            下单请求
            </summary>
        </member>
        <member name="P:BinanceApps.Core.Models.PlaceOrderRequest.Symbol">
            <summary>
            交易对
            </summary>
        </member>
        <member name="P:BinanceApps.Core.Models.PlaceOrderRequest.Side">
            <summary>
            订单方向
            </summary>
        </member>
        <member name="P:BinanceApps.Core.Models.PlaceOrderRequest.OrderType">
            <summary>
            订单类型
            </summary>
        </member>
        <member name="P:BinanceApps.Core.Models.PlaceOrderRequest.PositionSide">
            <summary>
            持仓方向
            </summary>
        </member>
        <member name="P:BinanceApps.Core.Models.PlaceOrderRequest.Quantity">
            <summary>
            数量
            </summary>
        </member>
        <member name="P:BinanceApps.Core.Models.PlaceOrderRequest.Price">
            <summary>
            价格
            </summary>
        </member>
        <member name="P:BinanceApps.Core.Models.PlaceOrderRequest.TimeInForce">
            <summary>
            时间类型
            </summary>
        </member>
        <member name="P:BinanceApps.Core.Models.PlaceOrderRequest.ClientOrderId">
            <summary>
            客户端订单ID
            </summary>
        </member>
        <member name="P:BinanceApps.Core.Models.PlaceOrderRequest.ReduceOnly">
            <summary>
            减少数量
            </summary>
        </member>
        <member name="P:BinanceApps.Core.Models.PlaceOrderRequest.ClosePosition">
            <summary>
            是否关闭持仓
            </summary>
        </member>
        <member name="T:BinanceApps.Core.Models.OrderResult">
            <summary>
            下单结果
            </summary>
        </member>
        <member name="P:BinanceApps.Core.Models.OrderResult.OrderId">
            <summary>
            订单ID
            </summary>
        </member>
        <member name="P:BinanceApps.Core.Models.OrderResult.ClientOrderId">
            <summary>
            客户端订单ID
            </summary>
        </member>
        <member name="P:BinanceApps.Core.Models.OrderResult.Symbol">
            <summary>
            交易对
            </summary>
        </member>
        <member name="P:BinanceApps.Core.Models.OrderResult.Status">
            <summary>
            订单状态
            </summary>
        </member>
        <member name="P:BinanceApps.Core.Models.OrderResult.IsSuccess">
            <summary>
            是否成功
            </summary>
        </member>
        <member name="P:BinanceApps.Core.Models.OrderResult.ErrorMessage">
            <summary>
            错误信息
            </summary>
        </member>
        <member name="P:BinanceApps.Core.Models.OrderResult.CreateTime">
            <summary>
            创建时间
            </summary>
        </member>
        <member name="T:BinanceApps.Core.Models.CancelOrderResult">
            <summary>
            取消订单结果
            </summary>
        </member>
        <member name="P:BinanceApps.Core.Models.CancelOrderResult.OrderId">
            <summary>
            订单ID
            </summary>
        </member>
        <member name="P:BinanceApps.Core.Models.CancelOrderResult.Symbol">
            <summary>
            交易对
            </summary>
        </member>
        <member name="P:BinanceApps.Core.Models.CancelOrderResult.IsSuccess">
            <summary>
            是否成功
            </summary>
        </member>
        <member name="P:BinanceApps.Core.Models.CancelOrderResult.ErrorMessage">
            <summary>
            错误信息
            </summary>
        </member>
        <member name="P:BinanceApps.Core.Models.CancelOrderResult.CancelTime">
            <summary>
            取消时间
            </summary>
        </member>
        <member name="T:BinanceApps.Core.Services.ApiConfigManager">
            <summary>
            API配置管理器
            统一处理API Key的读取、验证和缓存
            </summary>
        </member>
        <member name="M:BinanceApps.Core.Services.ApiConfigManager.GetCurrentConfig">
            <summary>
            获取当前有效的API配置
            </summary>
            <returns>API配置信息</returns>
        </member>
        <member name="M:BinanceApps.Core.Services.ApiConfigManager.RefreshConfig">
            <summary>
            强制刷新配置缓存
            </summary>
        </member>
        <member name="M:BinanceApps.Core.Services.ApiConfigManager.IsValidConfig(System.String,System.String)">
            <summary>
            验证API配置是否有效
            </summary>
            <param name="apiKey">API Key</param>
            <param name="secretKey">Secret Key</param>
            <returns>是否有效</returns>
        </member>
        <member name="M:BinanceApps.Core.Services.ApiConfigManager.IsValidApiKey(System.String)">
            <summary>
            验证API Key是否有效
            </summary>
            <param name="apiKey">API Key</param>
            <returns>是否有效</returns>
        </member>
        <member name="M:BinanceApps.Core.Services.ApiConfigManager.IsValidSecretKey(System.String)">
            <summary>
            验证Secret Key是否有效
            </summary>
            <param name="secretKey">Secret Key</param>
            <returns>是否有效</returns>
        </member>
        <member name="M:BinanceApps.Core.Services.ApiConfigManager.ClearCache">
            <summary>
            清除配置缓存
            </summary>
        </member>
        <member name="T:BinanceApps.Core.Services.ApiConfig">
            <summary>
            API配置信息
            </summary>
        </member>
        <member name="T:BinanceApps.Core.Services.BinanceApiClient">
            <summary>
            币安API客户端实现
            </summary>
        </member>
        <member name="P:BinanceApps.Core.Services.BinanceApiClient.ApiKey">
            <summary>
            API密钥
            </summary>
        </member>
        <member name="P:BinanceApps.Core.Services.BinanceApiClient.SecretKey">
            <summary>
            密钥
            </summary>
        </member>
        <member name="P:BinanceApps.Core.Services.BinanceApiClient.IsTestnet">
            <summary>
            是否使用测试网络
            </summary>
        </member>
        <member name="P:BinanceApps.Core.Services.BinanceApiClient.BaseUrl">
            <summary>
            基础URL
            </summary>
        </member>
        <member name="M:BinanceApps.Core.Services.BinanceApiClient.InitializeAsync(System.String,System.String,System.Boolean)">
            <summary>
            初始化客户端
            </summary>
            <param name="apiKey">API密钥</param>
            <param name="secretKey">密钥</param>
            <param name="isTestnet">是否使用测试网络</param>
        </member>
        <member name="M:BinanceApps.Core.Services.BinanceApiClient.TestConnectionAsync">
            <summary>
            测试连接
            </summary>
            <returns>连接是否成功</returns>
        </member>
        <member name="M:BinanceApps.Core.Services.BinanceApiClient.GetServerTimeAsync">
            <summary>
            获取服务器时间
            </summary>
            <returns>服务器时间</returns>
        </member>
        <member name="M:BinanceApps.Core.Services.BinanceApiClient.GetAccountInfoAsync">
            <summary>
            获取账户信息
            </summary>
            <returns>账户信息</returns>
        </member>
        <member name="M:BinanceApps.Core.Services.BinanceApiClient.GetAccountBalanceAsync">
            <summary>
            获取账户余额
            </summary>
            <returns>账户余额列表</returns>
        </member>
        <member name="M:BinanceApps.Core.Services.BinanceApiClient.GetPositionsAsync">
            <summary>
            获取持仓信息
            </summary>
            <returns>持仓信息列表</returns>
        </member>
        <member name="M:BinanceApps.Core.Services.BinanceApiClient.PlaceOrderAsync(BinanceApps.Core.Models.PlaceOrderRequest)">
            <summary>
            下单
            </summary>
            <param name="order">订单信息</param>
            <returns>订单结果</returns>
        </member>
        <member name="M:BinanceApps.Core.Services.BinanceApiClient.CancelOrderAsync(System.String,System.Int64)">
            <summary>
            取消订单
            </summary>
            <param name="symbol">交易对</param>
            <param name="orderId">订单ID</param>
            <returns>取消结果</returns>
        </member>
        <member name="M:BinanceApps.Core.Services.BinanceApiClient.GetOrderAsync(System.String,System.Int64)">
            <summary>
            获取订单信息
            </summary>
            <param name="symbol">交易对</param>
            <param name="orderId">订单ID</param>
            <returns>订单信息</returns>
        </member>
        <member name="M:BinanceApps.Core.Services.BinanceApiClient.GetOrdersAsync(System.String,System.Int32)">
            <summary>
            获取订单列表
            </summary>
            <param name="symbol">交易对</param>
            <param name="limit">限制数量</param>
            <returns>订单列表</returns>
        </member>
        <member name="M:BinanceApps.Core.Services.BinanceApiClient.GetKlinesAsync(System.String,BinanceApps.Core.Models.KlineInterval,System.Int32)">
            <summary>
            获取K线数据
            </summary>
            <param name="symbol">交易对</param>
            <param name="interval">时间间隔</param>
            <param name="limit">限制数量</param>
            <returns>K线数据列表</returns>
        </member>
        <member name="M:BinanceApps.Core.Services.BinanceApiClient.Get24hrPriceStatisticsAsync(System.String)">
            <summary>
            获取24小时价格统计
            </summary>
            <param name="symbol">交易对</param>
            <returns>24小时价格统计</returns>
        </member>
        <member name="M:BinanceApps.Core.Services.BinanceApiClient.GetLatestPriceAsync(System.String)">
            <summary>
            获取最新价格
            </summary>
            <param name="symbol">交易对</param>
            <returns>最新价格</returns>
        </member>
        <member name="T:BinanceApps.Core.Services.BinanceRealApiClient">
            <summary>
            真实的币安API客户端
            基于币安官方API文档：https://developers.binance.com/docs/zh-CN/binance-spot-api-docs/rest-api/market-data-endpoints
            </summary>
        </member>
        <member name="M:BinanceApps.Core.Services.BinanceRealApiClient.GenerateSafeTimestampAsync">
            <summary>
            生成安全的时间戳字符串，使用服务器时间避免时间同步问题
            </summary>
            <returns>纯数字格式的时间戳字符串</returns>
        </member>
        <member name="M:BinanceApps.Core.Services.BinanceRealApiClient.GenerateSafeTimestamp">
            <summary>
            生成安全的时间戳字符串（同步版本，用于向后兼容）
            </summary>
            <returns>纯数字格式的时间戳字符串</returns>
        </member>
        <member name="M:BinanceApps.Core.Services.BinanceRealApiClient.GenerateSafeTimestampFromValue(System.Int64)">
            <summary>
            从时间戳值生成安全的字符串格式
            </summary>
            <param name="timestamp">时间戳值</param>
            <returns>纯数字格式的时间戳字符串</returns>
        </member>
        <member name="M:BinanceApps.Core.Services.BinanceRealApiClient.GetPrecisionFromStepSize(System.String)">
            <summary>
            安全地从StepSize字符串计算精度
            </summary>
        </member>
        <member name="M:BinanceApps.Core.Services.BinanceRealApiClient.GetBinanceIntervalString(BinanceApps.Core.Models.KlineInterval)">
            <summary>
            将KlineInterval枚举转换为Binance API期望的字符串值
            </summary>
        </member>
        <member name="M:BinanceApps.Core.Services.BinanceRealApiClient.GetDecimalFromJsonElement(System.Text.Json.JsonElement)">
            <summary>
            安全地从JsonElement获取decimal值，支持字符串和数字类型
            </summary>
        </member>
        <member name="T:BinanceApps.Core.Services.BinanceSimulatedApiClient">
            <summary>
            币安模拟API客户端实现
            提供立即返回的模拟响应，用于开发和测试
            </summary>
        </member>
        <member name="M:BinanceApps.Core.Services.BinanceSimulatedApiClient.GetAllTicksAsync">
            <summary>
            获取所有tick数据（24小时价格统计）
            </summary>
        </member>
        <member name="M:BinanceApps.Core.Services.BinanceSimulatedApiClient.GetAllSymbolsInfoAsync">
            <summary>
            获取所有可交易合约信息
            </summary>
        </member>
        <member name="M:BinanceApps.Core.Services.BinanceSimulatedApiClient.LoadSymbolsFromFileAsync">
            <summary>
            从本地文件加载合约信息
            </summary>
        </member>
        <member name="M:BinanceApps.Core.Services.BinanceSimulatedApiClient.SaveSymbolsToFileAsync(System.Collections.Generic.List{BinanceApps.Core.Models.SymbolInfo})">
            <summary>
            保存合约信息到本地文件
            </summary>
        </member>
        <member name="M:BinanceApps.Core.Services.BinanceSimulatedApiClient.GetBinancePerpetualTicksAsync">
            <summary>
            从币安交易所获取永续合约tick信息
            基于币安官方API文档：https://developers.binance.com/docs/zh-CN/binance-spot-api-docs/rest-api/market-data-endpoints#%E4%BA%A4%E6%98%93%E6%97%A5%E8%A1%8C%E6%83%85ticker
            </summary>
        </member>
        <member name="M:BinanceApps.Core.Services.BinanceSimulatedApiClient.GetSymbolInfoAsync(System.String)">
            <summary>
            获取单个合约的详细信息
            基于币安API文档：https://developers.binance.com/docs/zh-CN/binance-spot-api-docs/rest-api/market-data-endpoints
            </summary>
        </member>
        <member name="T:BinanceApps.Core.Services.KlineDataStorageService">
            <summary>
            K线数据本地存储服务 - 支持增量更新和智能缓存
            </summary>
        </member>
        <member name="M:BinanceApps.Core.Services.KlineDataStorageService.GetKlineDataFilePath(System.String)">
            <summary>
            获取K线数据文件路径
            </summary>
        </member>
        <member name="M:BinanceApps.Core.Services.KlineDataStorageService.SaveKlineDataAsync(System.String,System.Collections.Generic.List{BinanceApps.Core.Models.Kline})">
            <summary>
            保存K线数据到本地文件
            </summary>
        </member>
        <member name="M:BinanceApps.Core.Services.KlineDataStorageService.LoadKlineDataAsync(System.String)">
            <summary>
            从本地文件加载K线数据
            </summary>
        </member>
        <member name="M:BinanceApps.Core.Services.KlineDataStorageService.IncrementalUpdateKlineDataAsync(System.String,System.Collections.Generic.List{BinanceApps.Core.Models.Kline})">
            <summary>
            增量更新K线数据 - 智能处理当日未完成数据
            </summary>
        </member>
        <member name="M:BinanceApps.Core.Services.KlineDataStorageService.MergeKlineDataAsync(System.Collections.Generic.List{BinanceApps.Core.Models.Kline},System.Collections.Generic.List{BinanceApps.Core.Models.Kline})">
            <summary>
            合并K线数据 - 智能处理当日未完成数据
            </summary>
        </member>
        <member name="M:BinanceApps.Core.Services.KlineDataStorageService.IsDataDifferent(BinanceApps.Core.Models.Kline,BinanceApps.Core.Models.Kline)">
            <summary>
            检查两个K线数据是否不同
            </summary>
        </member>
        <member name="M:BinanceApps.Core.Services.KlineDataStorageService.CheckUpdateStatusAsync(System.String)">
            <summary>
            检查K线数据是否需要更新
            </summary>
        </member>
        <member name="M:BinanceApps.Core.Services.KlineDataStorageService.CheckKlineDataStatusAsync(System.String,System.TimeSpan)">
            <summary>
            检查K线数据是否存在且是否过期
            </summary>
        </member>
        <member name="M:BinanceApps.Core.Services.KlineDataStorageService.CleanupExpiredDataAsync(System.TimeSpan)">
            <summary>
            删除过期的K线数据文件
            </summary>
        </member>
        <member name="M:BinanceApps.Core.Services.KlineDataStorageService.DeleteAllKlineDataAsync">
            <summary>
            删除所有K线数据文件
            </summary>
        </member>
        <member name="M:BinanceApps.Core.Services.KlineDataStorageService.GetStorageInfoAsync">
            <summary>
            获取存储的K线数据信息
            </summary>
        </member>
        <member name="T:BinanceApps.Core.Services.KlineDataFile">
            <summary>
            K线数据文件结构
            </summary>
        </member>
        <member name="T:BinanceApps.Core.Services.KlineDataFileInfo">
            <summary>
            K线数据文件信息
            </summary>
        </member>
        <member name="T:BinanceApps.Core.Services.KlineMergeResult">
            <summary>
            K线数据合并结果
            </summary>
        </member>
        <member name="T:BinanceApps.Core.Services.KlineUpdateStatus">
            <summary>
            K线数据更新状态
            </summary>
        </member>
        <member name="T:BinanceApps.Core.Services.MarketMonitorService">
            <summary>
            市场监控服务
            </summary>
        </member>
        <member name="M:BinanceApps.Core.Services.MarketMonitorService.StartMonitoring">
            <summary>
            启动市场监控
            </summary>
        </member>
        <member name="M:BinanceApps.Core.Services.MarketMonitorService.StopMonitoring">
            <summary>
            停止市场监控
            </summary>
        </member>
        <member name="M:BinanceApps.Core.Services.MarketMonitorService.CheckMarketVolumeAsync">
            <summary>
            检查市场成交额
            </summary>
        </member>
        <member name="M:BinanceApps.Core.Services.MarketMonitorService.HandleVolumeThresholdExceeded(System.Decimal,System.Decimal)">
            <summary>
            处理成交额超过阈值的情况
            </summary>
        </member>
        <member name="M:BinanceApps.Core.Services.MarketMonitorService.SendPushNotificationAsync(System.Decimal,System.Decimal)">
            <summary>
            发送推送通知到所有配置的Token
            </summary>
        </member>
        <member name="M:BinanceApps.Core.Services.MarketMonitorService.SendSinglePushNotificationAsync(System.String,System.String,System.String)">
            <summary>
            发送单个推送通知
            </summary>
        </member>
        <member name="M:BinanceApps.Core.Services.MarketMonitorService.Dispose">
            <summary>
            释放资源
            </summary>
        </member>
        <member name="T:BinanceApps.Core.Services.MarketPositionService">
            <summary>
            市场位置数据服务
            </summary>
        </member>
        <member name="M:BinanceApps.Core.Services.MarketPositionService.InitializeAsync">
            <summary>
            初始化服务，加载历史数据
            </summary>
        </member>
        <member name="M:BinanceApps.Core.Services.MarketPositionService.LoadHistoryDataAsync">
            <summary>
            加载历史数据
            </summary>
        </member>
        <member name="M:BinanceApps.Core.Services.MarketPositionService.SaveHistoryDataAsync">
            <summary>
            保存历史数据
            </summary>
        </member>
        <member name="M:BinanceApps.Core.Services.MarketPositionService.GetOrCalculateRecentDaysAsync(System.Int32,System.Int32,System.Func{System.DateTime,System.Int32,System.Threading.Tasks.Task{System.Collections.Generic.List{BinanceApps.Core.Models.LocationData}}})">
            <summary>
            获取或计算最近N天的市场位置数据
            </summary>
        </member>
        <member name="M:BinanceApps.Core.Services.MarketPositionService.CalculateDailyMarketPositionAsync(System.DateTime,System.Int32,System.Func{System.DateTime,System.Int32,System.Threading.Tasks.Task{System.Collections.Generic.List{BinanceApps.Core.Models.LocationData}}})">
            <summary>
            计算指定日期的市场位置统计
            </summary>
        </member>
        <member name="M:BinanceApps.Core.Services.MarketPositionService.CalculatePositionCounts(System.DateTime,System.Collections.Generic.List{BinanceApps.Core.Models.LocationData})">
            <summary>
            根据位置数据计算各区间的合约数量
            </summary>
        </member>
        <member name="M:BinanceApps.Core.Services.MarketPositionService.GetCacheStats">
            <summary>
            获取缓存统计信息
            </summary>
        </member>
        <member name="M:BinanceApps.Core.Services.MarketPositionService.CleanupExpiredDataAsync(System.Int32)">
            <summary>
            清理过期数据（保留最近90天）
            </summary>
        </member>
        <member name="T:BinanceApps.Core.Services.NetworkTestHelper">
            <summary>
            网络测试帮助类
            </summary>
        </member>
        <member name="M:BinanceApps.Core.Services.NetworkTestHelper.TestNetworkConnectionAsync">
            <summary>
            测试网络连接
            </summary>
            <returns>网络连接测试结果</returns>
        </member>
        <member name="T:BinanceApps.Core.Services.NetworkTestResult">
            <summary>
            网络测试结果
            </summary>
        </member>
        <member name="T:BinanceApps.Core.Services.NotificationService">
            <summary>
            通知服务，处理声音提醒和推送通知
            </summary>
        </member>
        <member name="M:BinanceApps.Core.Services.NotificationService.SendNotificationAsync(System.String,System.String,System.String)">
            <summary>
            发送通知
            </summary>
            <param name="title">通知标题</param>
            <param name="content">通知内容</param>
            <param name="type">通知类型</param>
        </member>
        <member name="M:BinanceApps.Core.Services.NotificationService.PlaySoundAlert(System.String)">
            <summary>
            播放声音提醒
            </summary>
            <param name="type">通知类型</param>
        </member>
        <member name="M:BinanceApps.Core.Services.NotificationService.SendPushNotificationAsync(System.String,System.String,System.String)">
            <summary>
            发送推送通知
            </summary>
            <param name="title">推送标题</param>
            <param name="content">推送内容</param>
            <param name="type">推送类型</param>
        </member>
        <member name="M:BinanceApps.Core.Services.NotificationService.Dispose">
            <summary>
            释放资源
            </summary>
        </member>
        <member name="T:BinanceApps.Core.Services.SimulatedDataManager">
            <summary>
            模拟数据管理器
            负责管理模拟账户、持仓、订单等数据
            </summary>
        </member>
        <member name="M:BinanceApps.Core.Services.SimulatedDataManager.InitializeDataDirectory">
            <summary>
            初始化数据目录
            </summary>
        </member>
        <member name="M:BinanceApps.Core.Services.SimulatedDataManager.LoadData">
            <summary>
            加载数据
            </summary>
        </member>
        <member name="M:BinanceApps.Core.Services.SimulatedDataManager.InitializeDefaultData">
            <summary>
            初始化默认数据
            </summary>
        </member>
        <member name="M:BinanceApps.Core.Services.SimulatedDataManager.GenerateDefaultKlines">
            <summary>
            生成默认K线数据
            </summary>
        </member>
        <member name="M:BinanceApps.Core.Services.SimulatedDataManager.GenerateKlines(System.String,BinanceApps.Core.Models.KlineInterval,System.Int32)">
            <summary>
            生成K线数据
            </summary>
        </member>
        <member name="M:BinanceApps.Core.Services.SimulatedDataManager.GetIntervalMinutes(BinanceApps.Core.Models.KlineInterval)">
            <summary>
            获取时间间隔对应的分钟数
            </summary>
        </member>
        <member name="M:BinanceApps.Core.Services.SimulatedDataManager.SaveData">
            <summary>
            保存数据
            </summary>
        </member>
        <member name="M:BinanceApps.Core.Services.SimulatedDataManager.ResetAccount(System.Decimal)">
            <summary>
            重置账户数据
            </summary>
        </member>
        <member name="M:BinanceApps.Core.Services.SimulatedDataManager.SetPrice(System.String,System.Decimal)">
            <summary>
            设置价格
            </summary>
        </member>
        <member name="M:BinanceApps.Core.Services.SimulatedDataManager.GetPrice(System.String)">
            <summary>
            获取价格
            </summary>
        </member>
        <member name="M:BinanceApps.Core.Services.SimulatedDataManager.GetAllTicks">
            <summary>
            获取所有tick数据（24小时价格统计）
            </summary>
        </member>
        <member name="M:BinanceApps.Core.Services.SimulatedDataManager.GetAllSymbolsInfo">
            <summary>
            获取所有可交易合约信息
            </summary>
        </member>
        <member name="M:BinanceApps.Core.Services.SimulatedDataManager.LoadSymbolsFromFile">
            <summary>
            从本地文件加载合约信息
            </summary>
        </member>
        <member name="M:BinanceApps.Core.Services.SimulatedDataManager.SaveSymbolsToFile(System.Collections.Generic.List{BinanceApps.Core.Models.SymbolInfo})">
            <summary>
            保存合约信息到本地文件
            </summary>
        </member>
        <member name="M:BinanceApps.Core.Services.SimulatedDataManager.GetMinQuantity(System.String)">
            <summary>
            获取最小数量
            </summary>
        </member>
        <member name="M:BinanceApps.Core.Services.SimulatedDataManager.GetQuantityPrecision(System.String)">
            <summary>
            获取数量精度
            </summary>
        </member>
        <member name="M:BinanceApps.Core.Services.SimulatedDataManager.GetPricePrecision(System.String)">
            <summary>
            获取价格精度
            </summary>
        </member>
        <member name="M:BinanceApps.Core.Services.SimulatedDataManager.GetBalances">
            <summary>
            获取余额
            </summary>
        </member>
        <member name="M:BinanceApps.Core.Services.SimulatedDataManager.GetPositions">
            <summary>
            获取持仓
            </summary>
        </member>
        <member name="M:BinanceApps.Core.Services.SimulatedDataManager.GetOrders(System.String,System.Int32)">
            <summary>
            获取订单
            </summary>
        </member>
        <member name="M:BinanceApps.Core.Services.SimulatedDataManager.GetKlines(System.String,BinanceApps.Core.Models.KlineInterval,System.Int32)">
            <summary>
            获取K线数据
            </summary>
        </member>
        <member name="M:BinanceApps.Core.Services.SimulatedDataManager.AddOrder(BinanceApps.Core.Models.BaseOrder)">
            <summary>
            添加订单
            </summary>
        </member>
        <member name="M:BinanceApps.Core.Services.SimulatedDataManager.UpdateOrder(BinanceApps.Core.Models.BaseOrder)">
            <summary>
            更新订单
            </summary>
        </member>
        <member name="M:BinanceApps.Core.Services.SimulatedDataManager.AddPosition(BinanceApps.Core.Models.Position)">
            <summary>
            添加持仓
            </summary>
        </member>
        <member name="M:BinanceApps.Core.Services.SimulatedDataManager.UpdateBalance(System.String,System.Decimal,System.Decimal)">
            <summary>
            更新余额
            </summary>
        </member>
        <member name="T:BinanceApps.Core.Services.SupplyDataService">
            <summary>
            发行量数据服务
            </summary>
        </member>
        <member name="M:BinanceApps.Core.Services.SupplyDataService.InitializeAsync">
            <summary>
            初始化服务，加载本地数据到缓存
            </summary>
        </member>
        <member name="M:BinanceApps.Core.Services.SupplyDataService.LoadSupplyDataFromFileAsync">
            <summary>
            从文件加载发行量数据到缓存
            </summary>
        </member>
        <member name="M:BinanceApps.Core.Services.SupplyDataService.CreateDefaultSupplyDataFileAsync">
            <summary>
            创建默认的发行量数据文件
            </summary>
        </member>
        <member name="M:BinanceApps.Core.Services.SupplyDataService.GetSupplyData(System.String)">
            <summary>
            获取合约的发行量数据
            </summary>
        </member>
        <member name="M:BinanceApps.Core.Services.SupplyDataService.GetAllSupplyData">
            <summary>
            获取所有缓存的发行量数据
            </summary>
        </member>
        <member name="M:BinanceApps.Core.Services.SupplyDataService.CalculateMarketCap(System.String,System.Decimal)">
            <summary>
            计算市值数据
            </summary>
        </member>
        <member name="M:BinanceApps.Core.Services.SupplyDataService.CalculateMarketCapsWithRanking(System.Collections.Generic.Dictionary{System.String,System.Decimal})">
            <summary>
            批量计算市值数据并排名
            </summary>
        </member>
        <member name="M:BinanceApps.Core.Services.SupplyDataService.UpdateSupplyDataAsync(System.String,System.Decimal,System.Decimal,System.Decimal,System.String)">
            <summary>
            更新单个合约的发行量数据
            </summary>
        </member>
        <member name="M:BinanceApps.Core.Services.SupplyDataService.SaveSupplyDataToFileAsync">
            <summary>
            保存缓存数据到文件
            </summary>
        </member>
        <member name="M:BinanceApps.Core.Services.SupplyDataService.GetCacheStats">
            <summary>
            获取缓存统计信息
            </summary>
        </member>
        <member name="M:BinanceApps.Core.Services.SupplyDataService.CleanupExpiredDataAsync">
            <summary>
            清理过期数据（超过30天未更新的数据）
            </summary>
        </member>
        <member name="T:BinanceApps.Core.Services.TimestampFixer">
            <summary>
            时间戳修复工具类
            确保生成的时间戳符合币安API要求的纯数字格式
            </summary>
        </member>
        <member name="M:BinanceApps.Core.Services.TimestampFixer.GenerateSafeTimestamp">
            <summary>
            生成安全的时间戳字符串，确保只包含数字
            </summary>
            <returns>纯数字格式的时间戳字符串</returns>
        </member>
        <member name="M:BinanceApps.Core.Services.TimestampFixer.IsValidTimestamp(System.String)">
            <summary>
            验证时间戳格式是否有效
            </summary>
            <param name="timestampStr">时间戳字符串</param>
            <returns>是否有效</returns>
        </member>
    </members>
</doc>
