<?xml version="1.0"?>
<doc>
    <assembly>
        <name>BinanceApps.WPF</name>
    </assembly>
    <members>
        <member name="T:BinanceApps.WPF.ApiSettingsWindow">
            <summary>
            ApiSettingsWindow
            </summary>
        </member>
        <member name="M:BinanceApps.WPF.ApiSettingsWindow.LoadCurrentSettings">
            <summary>
            加载当前配置
            </summary>
        </member>
        <member name="M:BinanceApps.WPF.ApiSettingsWindow.LoadApiSettings">
            <summary>
            加载API设置
            </summary>
        </member>
        <member name="M:BinanceApps.WPF.ApiSettingsWindow.BtnTestConnection_Click(System.Object,System.Windows.RoutedEventArgs)">
            <summary>
            测试API连接
            </summary>
        </member>
        <member name="M:BinanceApps.WPF.ApiSettingsWindow.TestApiConnection">
            <summary>
            测试API连接
            </summary>
        </member>
        <member name="M:BinanceApps.WPF.ApiSettingsWindow.UpdateConnectionStatus(System.Boolean,System.String)">
            <summary>
            更新连接状态显示
            </summary>
        </member>
        <member name="M:BinanceApps.WPF.ApiSettingsWindow.BtnSave_Click(System.Object,System.Windows.RoutedEventArgs)">
            <summary>
            保存配置
            </summary>
        </member>
        <member name="M:BinanceApps.WPF.ApiSettingsWindow.LoadSystemSettings">
            <summary>
            加载系统设置
            </summary>
        </member>
        <member name="M:BinanceApps.WPF.ApiSettingsWindow.UpdatePushSettingsVisibility">
            <summary>
            更新推送设置面板的显示状态
            </summary>
        </member>
        <member name="M:BinanceApps.WPF.ApiSettingsWindow.UpdateMarketMonitorSettingsVisibility">
            <summary>
            更新市场监控设置面板的显示状态
            </summary>
        </member>
        <member name="M:BinanceApps.WPF.ApiSettingsWindow.ChkMarketMonitor_Checked(System.Object,System.Windows.RoutedEventArgs)">
            <summary>
            市场监控复选框选中事件
            </summary>
        </member>
        <member name="M:BinanceApps.WPF.ApiSettingsWindow.ChkMarketMonitor_Unchecked(System.Object,System.Windows.RoutedEventArgs)">
            <summary>
            市场监控复选框取消选中事件
            </summary>
        </member>
        <member name="M:BinanceApps.WPF.ApiSettingsWindow.ChkPushNotification_Checked(System.Object,System.Windows.RoutedEventArgs)">
            <summary>
            推送通知复选框选中事件
            </summary>
        </member>
        <member name="M:BinanceApps.WPF.ApiSettingsWindow.ChkPushNotification_Unchecked(System.Object,System.Windows.RoutedEventArgs)">
            <summary>
            推送通知复选框取消选中事件
            </summary>
        </member>
        <member name="M:BinanceApps.WPF.ApiSettingsWindow.BtnTestPush_Click(System.Object,System.Windows.RoutedEventArgs)">
            <summary>
            测试推送按钮点击事件
            </summary>
        </member>
        <member name="M:BinanceApps.WPF.ApiSettingsWindow.SendPushNotification(System.String,System.String,System.String,System.String)">
            <summary>
            发送推送通知
            </summary>
            <param name="token">推送Token</param>
            <param name="title">推送标题</param>
            <param name="content">推送内容</param>
            <param name="type">推送类型</param>
        </member>
        <member name="M:BinanceApps.WPF.ApiSettingsWindow.BtnCancel_Click(System.Object,System.Windows.RoutedEventArgs)">
            <summary>
            取消按钮
            </summary>
        </member>
        <member name="M:BinanceApps.WPF.ApiSettingsWindow.InitializeComponent">
            <summary>
            InitializeComponent
            </summary>
        </member>
        <member name="T:BinanceApps.WPF.App">
            <summary>
            App.xaml 的交互逻辑
            </summary>
            <summary>
            App
            </summary>
        </member>
        <member name="M:BinanceApps.WPF.App.InitializeComponent">
            <summary>
            InitializeComponent
            </summary>
        </member>
        <member name="M:BinanceApps.WPF.App.Main">
            <summary>
            Application Entry Point.
            </summary>
        </member>
        <member name="T:BinanceApps.WPF.DataValidationWindow">
            <summary>
            数据验证窗口
            </summary>
            <summary>
            DataValidationWindow
            </summary>
        </member>
        <member name="M:BinanceApps.WPF.DataValidationWindow.InitializeUI">
            <summary>
            初始化界面
            </summary>
        </member>
        <member name="M:BinanceApps.WPF.DataValidationWindow.LoadData">
            <summary>
            加载数据
            </summary>
        </member>
        <member name="M:BinanceApps.WPF.DataValidationWindow.LoadKlineData">
            <summary>
            加载K线数据
            </summary>
        </member>
        <member name="M:BinanceApps.WPF.DataValidationWindow.LoadVolumeData">
            <summary>
            加载成交额数据
            </summary>
        </member>
        <member name="M:BinanceApps.WPF.DataValidationWindow.LoadStatistics">
            <summary>
            加载统计信息
            </summary>
        </member>
        <member name="M:BinanceApps.WPF.DataValidationWindow.DrawVolumeChart">
            <summary>
            绘制成交额趋势图
            </summary>
        </member>
        <member name="M:BinanceApps.WPF.DataValidationWindow.BtnExport_Click(System.Object,System.Windows.RoutedEventArgs)">
            <summary>
            导出数据按钮点击事件
            </summary>
        </member>
        <member name="M:BinanceApps.WPF.DataValidationWindow.ExportToCSV(System.String)">
            <summary>
            导出数据到CSV
            </summary>
        </member>
        <member name="M:BinanceApps.WPF.DataValidationWindow.BtnClose_Click(System.Object,System.Windows.RoutedEventArgs)">
            <summary>
            关闭按钮点击事件
            </summary>
        </member>
        <member name="M:BinanceApps.WPF.DataValidationWindow.OnRenderSizeChanged(System.Windows.SizeChangedInfo)">
            <summary>
            窗口大小改变事件
            </summary>
        </member>
        <member name="M:BinanceApps.WPF.DataValidationWindow.InitializeComponent">
            <summary>
            InitializeComponent
            </summary>
        </member>
        <member name="T:BinanceApps.WPF.VolumeData">
            <summary>
            成交额数据
            </summary>
        </member>
        <member name="T:BinanceApps.WPF.VolumeStatsData">
            <summary>
            成交额统计数据
            </summary>
        </member>
        <member name="T:BinanceApps.WPF.KlineDisplayData">
            <summary>
            K线显示数据
            </summary>
        </member>
        <member name="T:BinanceApps.WPF.FixedUpdateManager">
            <summary>
            修复下载 URL 问题的自定义更新管理器
            自动设置 HttpClient 的 BaseAddress 并输出详细调试信息
            </summary>
        </member>
        <member name="T:BinanceApps.WPF.LogWindow">
            <summary>
            LogWindow
            </summary>
        </member>
        <member name="M:BinanceApps.WPF.LogWindow.AddLog(System.String,BinanceApps.WPF.LogType)">
            <summary>
            添加日志条目
            </summary>
            <param name="message">日志消息</param>
            <param name="logType">日志类型</param>
        </member>
        <member name="M:BinanceApps.WPF.LogWindow.GetLogTypePrefix(BinanceApps.WPF.LogType)">
            <summary>
            获取日志类型前缀
            </summary>
        </member>
        <member name="M:BinanceApps.WPF.LogWindow.BtnClearLog_Click(System.Object,System.Windows.RoutedEventArgs)">
            <summary>
            清空日志
            </summary>
        </member>
        <member name="M:BinanceApps.WPF.LogWindow.BtnCopyLog_Click(System.Object,System.Windows.RoutedEventArgs)">
            <summary>
            复制日志到剪贴板
            </summary>
        </member>
        <member name="M:BinanceApps.WPF.LogWindow.BtnSaveLog_Click(System.Object,System.Windows.RoutedEventArgs)">
            <summary>
            保存日志到文件
            </summary>
        </member>
        <member name="M:BinanceApps.WPF.LogWindow.ClearAllLogs">
            <summary>
            清空所有日志
            </summary>
        </member>
        <member name="M:BinanceApps.WPF.LogWindow.LogWindow_Closing(System.Object,System.ComponentModel.CancelEventArgs)">
            <summary>
            日志窗口关闭事件处理
            </summary>
        </member>
        <member name="M:BinanceApps.WPF.LogWindow.InitializeComponent">
            <summary>
            InitializeComponent
            </summary>
        </member>
        <member name="T:BinanceApps.WPF.LogType">
            <summary>
            日志类型枚举
            </summary>
        </member>
        <member name="T:BinanceApps.WPF.MainWindow">
            <summary>
            MainWindow
            </summary>
        </member>
        <member name="M:BinanceApps.WPF.MainWindow.ReinitializeApiAsync">
            <summary>
            重新初始化API客户端（用于配置更改后）
            </summary>
        </member>
        <member name="M:BinanceApps.WPF.MainWindow.LoadHighLowAnalysisConfig">
            <summary>
            加载高低价分析配置
            </summary>
        </member>
        <member name="M:BinanceApps.WPF.MainWindow.LoadAmplitudeAnalysisConfig">
            <summary>
            加载振幅分析配置
            </summary>
        </member>
        <member name="M:BinanceApps.WPF.MainWindow.LoadAdvancedFilterConfig">
            <summary>
            加载高级筛选配置
            </summary>
        </member>
        <member name="M:BinanceApps.WPF.MainWindow.InitializeSupplyDataServiceAsync">
            <summary>
            初始化发行量数据服务
            </summary>
        </member>
        <member name="M:BinanceApps.WPF.MainWindow.GenerateSimulatedData">
            <summary>
            生成模拟数据
            </summary>
        </member>
        <member name="M:BinanceApps.WPF.MainWindow.GenerateSimulatedSymbols">
            <summary>
            生成模拟合约信息
            </summary>
        </member>
        <member name="M:BinanceApps.WPF.MainWindow.GenerateSimulatedTicks">
            <summary>
            生成模拟价格统计
            </summary>
        </member>
        <member name="M:BinanceApps.WPF.MainWindow.LoadDataFromBinance">
            <summary>
            从币安交易所获取可交易的USDT永续合约数据
            基于币安官方API文档：https://developers.binance.com/docs/zh-CN/binance-spot-api-docs/rest-api/market-data-endpoints
            </summary>
        </member>
        <member name="M:BinanceApps.WPF.MainWindow.FormatPrice(System.Decimal)">
            <summary>
            智能价格格式化：根据价格大小自动调整小数位数
            </summary>
            <param name="price">价格</param>
            <returns>格式化后的价格字符串</returns>
        </member>
        <member name="M:BinanceApps.WPF.MainWindow.BtnViewLogs_Click(System.Object,System.Windows.RoutedEventArgs)">
            <summary>
            查看日志按钮点击事件
            </summary>
        </member>
        <member name="T:BinanceApps.WPF.MainWindow.HighLowData">
            <summary>
            高低价数据模型
            </summary>
        </member>
        <member name="M:BinanceApps.WPF.MainWindow.StartMarketMonitoring">
            <summary>
            启动市场监控
            </summary>
        </member>
        <member name="M:BinanceApps.WPF.MainWindow.StopMarketMonitoring">
            <summary>
            停止市场监控
            </summary>
        </member>
        <member name="M:BinanceApps.WPF.MainWindow.CopySymbolToClipboard(System.String)">
            <summary>
            复制合约名到剪贴板
            </summary>
        </member>
        <member name="M:BinanceApps.WPF.MainWindow.ShowTemporaryMessage(System.String)">
            <summary>
            显示临时消息提示
            </summary>
        </member>
        <member name="M:BinanceApps.WPF.MainWindow.BtnApiSettings_Click(System.Object,System.Windows.RoutedEventArgs)">
            <summary>
            API设置按钮点击事件
            </summary>
        </member>
        <member name="M:BinanceApps.WPF.MainWindow.BtnReconnectApi_Click(System.Object,System.Windows.RoutedEventArgs)">
            <summary>
            手动重新连接API按钮点击事件
            </summary>
        </member>
        <member name="M:BinanceApps.WPF.MainWindow.FetchKlineDataAsync">
            <summary>
            获取所有合约的K线数据
            </summary>
        </member>
        <member name="M:BinanceApps.WPF.MainWindow.CalculateHighLowPricesAsync">
            <summary>
            计算所有合约的N天高低价数据
            </summary>
        </member>
        <member name="M:BinanceApps.WPF.MainWindow.SaveHighLowDataToFileAsync">
            <summary>
            保存高低价数据到本地文件
            </summary>
        </member>
        <member name="M:BinanceApps.WPF.MainWindow.LoadHighLowDataFromFileAsync">
            <summary>
            从本地文件加载高低价数据
            </summary>
        </member>
        <member name="M:BinanceApps.WPF.MainWindow.CalculateLocationRatiosAsync(System.Threading.CancellationToken)">
            <summary>
            计算位置比例
            </summary>
        </member>
        <member name="M:BinanceApps.WPF.MainWindow.FilterLocationData(System.Decimal,System.Decimal)">
            <summary>
            按位置比例范围筛选数据
            </summary>
        </member>
        <member name="M:BinanceApps.WPF.MainWindow.BtnMarketVolatility_Click(System.Object,System.Windows.RoutedEventArgs)">
            <summary>
            读取K线数据按钮点击事件
            </summary>
            <summary>
            市场波动率一览按钮点击事件
            </summary>
        </member>
        <member name="M:BinanceApps.WPF.MainWindow.BtnFetchKlineData_Click(System.Object,System.Windows.RoutedEventArgs)">
            <summary>
            获取K线数据按钮点击事件
            </summary>
        </member>
        <member name="M:BinanceApps.WPF.MainWindow.BtnCalculateHighLow_Click(System.Object,System.Windows.RoutedEventArgs)">
            <summary>
            计算高低价按钮点击事件（整合K线读取功能）
            </summary>
        </member>
        <member name="M:BinanceApps.WPF.MainWindow.BtnExportHighLow_Click(System.Object,System.Windows.RoutedEventArgs)">
            <summary>
            导出数据按钮点击事件
            </summary>
        </member>
        <member name="M:BinanceApps.WPF.MainWindow.BtnAdvancedFilter_Click(System.Object,System.Windows.RoutedEventArgs)">
            <summary>
            高级筛选工具按钮点击事件
            </summary>
        </member>
        <member name="M:BinanceApps.WPF.MainWindow.CreateWelcomePanel(System.String,System.String)">
            <summary>
            创建欢迎面板
            </summary>
        </member>
        <member name="M:BinanceApps.WPF.MainWindow.CreateLoadingPanel(System.String)">
            <summary>
            创建加载面板
            </summary>
        </member>
        <member name="M:BinanceApps.WPF.MainWindow.DisplayLocationDataAsync">
            <summary>
            显示位置比例数据
            </summary>
        </member>
        <member name="M:BinanceApps.WPF.MainWindow.CreateMarketPositionHistoryPanelAsync">
            <summary>
            创建市场位置变化历史面板
            </summary>
        </member>
        <member name="M:BinanceApps.WPF.MainWindow.CreateColoredCellTemplate(System.String)">
            <summary>
            创建带颜色渐变的单元格模板
            </summary>
        </member>
        <member name="M:BinanceApps.WPF.MainWindow.CreateDateCellTemplate(System.String)">
            <summary>
            创建日期单元格模板
            </summary>
        </member>
        <member name="M:BinanceApps.WPF.MainWindow.CalculateLocationDataForDateAsync(System.DateTime,System.Int32)">
            <summary>
            为指定日期计算位置数据（供MarketPositionService调用）
            </summary>
        </member>
        <member name="M:BinanceApps.WPF.MainWindow.DisplayFilteredLocationData(System.Collections.Generic.List{BinanceApps.Core.Models.LocationData},System.Decimal,System.Decimal)">
            <summary>
            显示筛选后的位置比例数据
            </summary>
        </member>
        <member name="M:BinanceApps.WPF.MainWindow.CreateLocationDataGrid(System.Collections.Generic.List{BinanceApps.Core.Models.LocationData})">
            <summary>
            创建位置比例数据表格 - 使用ListView替代Grid
            </summary>
        </member>
        <member name="M:BinanceApps.WPF.MainWindow.CreatePositionPanel(System.String,System.Collections.Generic.List{BinanceApps.Core.Models.LocationData},System.Windows.Media.Color)">
            <summary>
            创建位置分类的面板
            </summary>
        </member>
        <member name="M:BinanceApps.WPF.MainWindow.ExportLocationDataToCsv(System.String)">
            <summary>
            导出位置比例数据到CSV
            </summary>
        </member>
        <member name="M:BinanceApps.WPF.MainWindow.GetKlineDataWithRetry(System.String,System.DateTime,System.DateTime,System.Threading.CancellationToken,System.Int32)">
            <summary>
            带重试机制的K线数据获取
            </summary>
        </member>
        <member name="M:BinanceApps.WPF.MainWindow.LoadAllKlineDataAsync">
            <summary>
            读取所有K线数据文件到缓存
            </summary>
        </member>
        <member name="M:BinanceApps.WPF.MainWindow.AnalyzeContractDataAsync">
            <summary>
            分析合约数据，计算高低价和位置比例
            </summary>
        </member>
        <member name="M:BinanceApps.WPF.MainWindow.CreateSortableHeader(System.String,System.String)">
            <summary>
            创建可排序的表头
            </summary>
        </member>
        <member name="M:BinanceApps.WPF.MainWindow.CreateSortableHeaderForLocation(System.String,System.String)">
            <summary>
            创建位置比例数据的可排序表头
            </summary>
        </member>
        <member name="M:BinanceApps.WPF.MainWindow.SortLocationListView(System.String)">
            <summary>
            排序位置比例ListView数据
            </summary>
        </member>
        <member name="M:BinanceApps.WPF.MainWindow.SortListView(System.String)">
            <summary>
            排序ListView数据
            </summary>
        </member>
        <member name="M:BinanceApps.WPF.MainWindow.DisplayContractAnalysisAsync(System.Int32,System.Int32)">
            <summary>
            显示合约分析结果（分页）
            </summary>
        </member>
        <member name="M:BinanceApps.WPF.MainWindow.GetLocationColor(System.Decimal)">
            <summary>
            根据位置比例获取颜色
            </summary>
        </member>
        <member name="M:BinanceApps.WPF.MainWindow.StartForceExitMechanism">
            <summary>
            启动强制退出机制
            </summary>
        </member>
        <member name="M:BinanceApps.WPF.MainWindow.UpdateLicenseStatusAsync">
            <summary>
            更新许可证状态显示
            </summary>
        </member>
        <member name="M:BinanceApps.WPF.MainWindow.MenuItem_Register_Click(System.Object,System.Windows.RoutedEventArgs)">
            <summary>
            菜单 - 注册软件
            </summary>
        </member>
        <member name="M:BinanceApps.WPF.MainWindow.MenuItem_CheckUpdate_Click(System.Object,System.Windows.RoutedEventArgs)">
            <summary>
            菜单 - 检查更新
            </summary>
        </member>
        <member name="M:BinanceApps.WPF.MainWindow.MenuItem_About_Click(System.Object,System.Windows.RoutedEventArgs)">
            <summary>
            菜单 - 关于
            </summary>
        </member>
        <member name="M:BinanceApps.WPF.MainWindow.MenuItem_Exit_Click(System.Object,System.Windows.RoutedEventArgs)">
            <summary>
            菜单 - 退出
            </summary>
        </member>
        <member name="M:BinanceApps.WPF.MainWindow.MenuItem_ServerSettings_Click(System.Object,System.Windows.RoutedEventArgs)">
            <summary>
            菜单 - 服务器设置
            </summary>
        </member>
        <member name="M:BinanceApps.WPF.MainWindow.GetApplicationVersion">
            <summary>
            获取应用程序版本
            </summary>
        </member>
        <member name="M:BinanceApps.WPF.MainWindow.CloseAllChildWindows">
            <summary>
            关闭所有子窗口
            </summary>
        </member>
        <member name="M:BinanceApps.WPF.MainWindow.MainWindow_Closing(System.Object,System.ComponentModel.CancelEventArgs)">
            <summary>
            主窗口关闭事件处理
            </summary>
        </member>
        <member name="M:BinanceApps.WPF.MainWindow.CreatePaginationPanel(System.Int32,System.Int32,System.Action{System.Int32})">
            <summary>
            创建分页控件
            </summary>
        </member>
        <member name="M:BinanceApps.WPF.MainWindow.ShowAdvancedFilterDialog">
            <summary>
            显示高级筛选对话框
            </summary>
        </member>
        <member name="M:BinanceApps.WPF.MainWindow.CreateAdvancedFilterInputPanel">
            <summary>
            创建高级筛选输入面板
            </summary>
        </member>
        <member name="M:BinanceApps.WPF.MainWindow.CreateAdvancedFilterButtonPanel(System.Windows.Window)">
            <summary>
            创建高级筛选按钮面板
            </summary>
        </member>
        <member name="M:BinanceApps.WPF.MainWindow.CreateAdvancedFilterResultPanel">
            <summary>
            创建高级筛选结果展示面板
            </summary>
        </member>
        <member name="M:BinanceApps.WPF.MainWindow.ExecuteAdvancedSearch(System.Windows.Window)">
            <summary>
            执行高级搜索
            </summary>
        </member>
        <member name="M:BinanceApps.WPF.MainWindow.ExecuteAdvancedFilter(System.Int32,System.Decimal,System.Int32,System.Collections.Generic.List{System.String})">
            <summary>
            执行高级筛选
            </summary>
        </member>
        <member name="M:BinanceApps.WPF.MainWindow.AnalyzeContract(BinanceApps.Core.Models.LocationData,System.Int32,System.Decimal,System.Int32)">
            <summary>
            分析单个合约
            </summary>
        </member>
        <member name="M:BinanceApps.WPF.MainWindow.DisplayAdvancedFilterResults(System.Collections.Generic.List{BinanceApps.WPF.AdvancedFilterResult},System.Windows.Window)">
            <summary>
            显示高级筛选结果
            </summary>
        </member>
        <member name="M:BinanceApps.WPF.MainWindow.CopyResultsToClipboard(System.Windows.Controls.ListView)">
            <summary>
            复制结果到剪贴板
            </summary>
        </member>
        <member name="M:BinanceApps.WPF.MainWindow.SelectAllResults(System.Windows.Controls.ListView)">
            <summary>
            全选结果
            </summary>
        </member>
        <member name="M:BinanceApps.WPF.MainWindow.ResultListView_MouseDoubleClick(System.Object,System.Windows.Input.MouseButtonEventArgs)">
            <summary>
            筛选结果列表双击事件处理
            </summary>
        </member>
        <member name="M:BinanceApps.WPF.MainWindow.OpenDataValidationWindow(BinanceApps.WPF.AdvancedFilterResult)">
            <summary>
            打开数据验证窗口
            </summary>
        </member>
        <member name="M:BinanceApps.WPF.MainWindow.GetKlineDataForSymbol(System.String)">
            <summary>
            获取指定交易对的K线数据
            </summary>
        </member>
        <member name="M:BinanceApps.WPF.MainWindow.CalculateMarketVolatilityAsync">
            <summary>
            计算市场波动率
            </summary>
        </member>
        <member name="M:BinanceApps.WPF.MainWindow.DisplayMarketVolatility(System.Collections.Generic.List{BinanceApps.WPF.MarketVolatilityData})">
            <summary>
            显示市场波动率
            </summary>
        </member>
        <member name="M:BinanceApps.WPF.MainWindow.CreateVolumeChartPanelAsync(System.Collections.Generic.List{BinanceApps.WPF.MarketVolatilityData})">
            <summary>
            创建成交额变化柱状图面板
            </summary>
        </member>
        <member name="M:BinanceApps.WPF.MainWindow.GetCurrent24HTotalVolumeAsync">
            <summary>
            获取当前24H总成交额
            </summary>
        </member>
        <member name="M:BinanceApps.WPF.MainWindow.DrawVolumeChartAsync(System.Windows.Controls.Canvas,System.Collections.Generic.List{BinanceApps.WPF.MarketVolatilityData},System.Decimal,System.Double,System.Double)">
            <summary>
            绘制成交额图表（响应式）
            </summary>
        </member>
        <member name="M:BinanceApps.WPF.MainWindow.Calculate5DayMovingAverage(System.Collections.Generic.List{BinanceApps.WPF.MarketVolatilityData})">
            <summary>
            计算5日移动平均
            </summary>
        </member>
        <member name="M:BinanceApps.WPF.MainWindow.DrawVolumeGridLines(System.Windows.Controls.Canvas,System.Double,System.Double,System.Double,System.Double,System.Decimal,System.Decimal)">
            <summary>
            绘制网格线
            </summary>
        </member>
        <member name="M:BinanceApps.WPF.MainWindow.DrawVolumeBars(System.Windows.Controls.Canvas,System.Collections.Generic.List{BinanceApps.WPF.MarketVolatilityData},System.Double,System.Double,System.Double,System.Double,System.Decimal,System.Decimal)">
            <summary>
            绘制柱状图
            </summary>
        </member>
        <member name="M:BinanceApps.WPF.MainWindow.DrawMovingAverageLine(System.Windows.Controls.Canvas,System.Collections.Generic.List{System.Decimal},System.Double,System.Double,System.Double,System.Double,System.Decimal,System.Decimal)">
            <summary>
            绘制5日移动平均线
            </summary>
        </member>
        <member name="M:BinanceApps.WPF.MainWindow.DrawVolumeAxisLabels(System.Windows.Controls.Canvas,System.Collections.Generic.List{BinanceApps.WPF.MarketVolatilityData},System.Double,System.Double,System.Double,System.Double,System.Decimal,System.Decimal)">
            <summary>
            绘制坐标轴标签
            </summary>
        </member>
        <member name="M:BinanceApps.WPF.MainWindow.CreateMarketInfoPanelAsync(System.Decimal)">
            <summary>
            创建市场信息面板
            </summary>
        </member>
        <member name="M:BinanceApps.WPF.MainWindow.CreateMarketHeatCard(System.Decimal)">
            <summary>
            创建市场热度卡片
            </summary>
        </member>
        <member name="M:BinanceApps.WPF.MainWindow.CreateWebsiteLinkCard">
            <summary>
            创建网站链接卡片
            </summary>
        </member>
        <member name="M:BinanceApps.WPF.MainWindow.CreateVolumeLegendPanel">
            <summary>
            创建图例面板
            </summary>
        </member>
        <member name="M:BinanceApps.WPF.MainWindow.CreateStatBox(System.String,System.String)">
            <summary>
            创建统计信息框
            </summary>
        </member>
        <member name="M:BinanceApps.WPF.MainWindow.CreateVolatilityBlock(BinanceApps.WPF.MarketVolatilityData,System.Collections.Generic.List{BinanceApps.WPF.MarketVolatilityData})">
            <summary>
            创建波动率方块
            </summary>
        </member>
        <member name="M:BinanceApps.WPF.MainWindow.CreateBtcChangeChart(BinanceApps.WPF.MarketVolatilityData,System.Collections.Generic.List{BinanceApps.WPF.MarketVolatilityData})">
            <summary>
            创建比特币涨跌幅横向柱状图
            </summary>
        </member>
        <member name="M:BinanceApps.WPF.MainWindow.GetVolatilityColor(System.Double)">
            <summary>
            根据波动率获取颜色 - 白色到淡红色，逐渐加深到大红色
            白色代表最低波动，大红色代表最高波动，平滑的红色渐变
            </summary>
        </member>
        <member name="M:BinanceApps.WPF.MainWindow.GetTextColor(System.Windows.Media.Color)">
            <summary>
            根据背景颜色计算合适的文字颜色
            白色背景使用黑色文字，红色背景使用白色文字
            </summary>
        </member>
        <member name="M:BinanceApps.WPF.MainWindow.ShowVolatilityDetails(BinanceApps.WPF.MarketVolatilityData)">
            <summary>
            显示波动率详细信息
            </summary>
        </member>
        <member name="M:BinanceApps.WPF.MainWindow.CreateBarChart(System.String,System.Int32,System.Int32,System.Int32,System.Windows.Media.Color,System.Int32)">
            <summary>
            创建单个柱状图
            </summary>
        </member>
        <member name="M:BinanceApps.WPF.MainWindow.CreateHorizontalBarChart(System.String,System.Int32,System.Int32,System.Int32,System.Windows.Media.Color,System.Int32)">
            <summary>
            创建横向排列的柱状图（用于右侧30%宽度）
            </summary>
        </member>
        <member name="M:BinanceApps.WPF.MainWindow.CreateChartLegend(System.Int32,System.Int32,System.Int32,System.Int32,System.Int32)">
            <summary>
            创建图表图例
            </summary>
        </member>
        <member name="M:BinanceApps.WPF.MainWindow.Btn24HMarket_Click(System.Object,System.Windows.RoutedEventArgs)">
            <summary>
            24H行情按钮点击事件
            </summary>
        </member>
        <member name="M:BinanceApps.WPF.MainWindow.Display24HMarketDataAsync">
            <summary>
            显示24H行情数据
            </summary>
        </member>
        <member name="M:BinanceApps.WPF.MainWindow.Get24HTickerDataAsync">
            <summary>
            获取24H ticker数据，过滤掉不可交易的合约
            </summary>
        </member>
        <member name="M:BinanceApps.WPF.MainWindow.GetYesterdayVolumeDataAsync(System.Collections.Generic.List{BinanceApps.WPF.Market24HData})">
            <summary>
            获取昨日成交量数据用于对比
            </summary>
        </member>
        <member name="M:BinanceApps.WPF.MainWindow.Create24HMarketPanel(System.Collections.Generic.List{BinanceApps.WPF.Market24HData},System.Collections.Generic.Dictionary{System.String,System.Decimal})">
            <summary>
            创建24H行情显示面板
            </summary>
        </member>
        <member name="M:BinanceApps.WPF.MainWindow.Create24HStatsPanel(System.Collections.Generic.List{BinanceApps.WPF.Market24HData})">
            <summary>
            创建24H统计面板
            </summary>
        </member>
        <member name="M:BinanceApps.WPF.MainWindow.Create24HRankingPanel(System.Collections.Generic.List{BinanceApps.WPF.Market24HData})">
            <summary>
            创建24H涨跌幅排行榜面板
            </summary>
        </member>
        <member name="M:BinanceApps.WPF.MainWindow.Create24HRankingList(System.String,System.Collections.Generic.List{BinanceApps.WPF.Market24HData},System.Windows.Media.Color)">
            <summary>
            创建24H排行榜列表
            </summary>
        </member>
        <member name="M:BinanceApps.WPF.MainWindow.CalculatePast10DaysAvgVolume(System.String)">
            <summary>
            计算过去10天平均成交额（不含当日）
            </summary>
        </member>
        <member name="M:BinanceApps.WPF.MainWindow.CreateVolumeGrowthPanel(System.Collections.Generic.List{BinanceApps.WPF.Market24HData},System.Collections.Generic.Dictionary{System.String,System.Decimal})">
            <summary>
            创建成交额放量排行榜面板
            </summary>
        </member>
        <member name="M:BinanceApps.WPF.MainWindow.CreateSortableColumn(System.String,System.String,System.Double,System.String)">
            <summary>
            创建可排序的列
            </summary>
        </member>
        <member name="M:BinanceApps.WPF.MainWindow.SortVolumeData(System.String)">
            <summary>
            排序放量数据
            </summary>
        </member>
        <member name="M:BinanceApps.WPF.MainWindow.UpdateColumnHeaders">
            <summary>
            更新列头显示排序状态
            </summary>
        </member>
        <member name="M:BinanceApps.WPF.MainWindow.GetColumnProperty(System.String)">
            <summary>
            根据列头文本获取对应的属性名
            </summary>
        </member>
        <member name="M:BinanceApps.WPF.MainWindow.BtnPriceSpeedRanking_Click(System.Object,System.Windows.RoutedEventArgs)">
            <summary>
            涨速排行榜按钮点击事件
            </summary>
        </member>
        <member name="M:BinanceApps.WPF.MainWindow.CreatePriceSpeedRankingPanel">
            <summary>
            创建涨速排行榜面板
            </summary>
        </member>
        <member name="M:BinanceApps.WPF.MainWindow.CreateSpeedRankingControlPanel">
            <summary>
            创建控制面板
            </summary>
        </member>
        <member name="M:BinanceApps.WPF.MainWindow.CreateRiseRankingPanel">
            <summary>
            创建涨幅排行板块
            </summary>
        </member>
        <member name="M:BinanceApps.WPF.MainWindow.CreateFallRankingPanel">
            <summary>
            创建跌幅排行板块
            </summary>
        </member>
        <member name="M:BinanceApps.WPF.MainWindow.StartPriceSpeedMonitoring(System.Windows.Controls.TextBox)">
            <summary>
            启动涨速监控
            </summary>
        </member>
        <member name="M:BinanceApps.WPF.MainWindow.StopPriceSpeedMonitoring">
            <summary>
            停止涨速监控
            </summary>
        </member>
        <member name="M:BinanceApps.WPF.MainWindow.ResetRankingCounts">
            <summary>
            清零统计次数
            </summary>
        </member>
        <member name="M:BinanceApps.WPF.MainWindow.ManualResetRankingCounts">
            <summary>
            手工重置排行榜
            </summary>
        </member>
        <member name="M:BinanceApps.WPF.MainWindow.ResetRankingCountsInternal(System.String)">
            <summary>
            内部重置方法
            </summary>
        </member>
        <member name="M:BinanceApps.WPF.MainWindow.StartDailyResetTimer">
            <summary>
            启动每日自动重置定时器
            </summary>
        </member>
        <member name="M:BinanceApps.WPF.MainWindow.DailyResetCallback(System.Object)">
            <summary>
            每日重置回调
            </summary>
        </member>
        <member name="M:BinanceApps.WPF.MainWindow.StopDailyResetTimer">
            <summary>
            停止每日自动重置定时器
            </summary>
        </member>
        <member name="M:BinanceApps.WPF.MainWindow.UpdateLastResetTimeDisplay">
            <summary>
            更新上次重置时间显示
            </summary>
        </member>
        <member name="M:BinanceApps.WPF.MainWindow.UpdateMonitorStatus(System.String,System.Windows.Media.Color)">
            <summary>
            更新监控状态显示
            </summary>
        </member>
        <member name="M:BinanceApps.WPF.MainWindow.UpdatePriceSpeedRanking(System.Object)">
            <summary>
            更新涨速排行榜
            </summary>
        </member>
        <member name="M:BinanceApps.WPF.MainWindow.CalculatePriceChanges(System.Collections.Generic.Dictionary{System.String,System.Decimal})">
            <summary>
            计算价格变化
            </summary>
        </member>
        <member name="M:BinanceApps.WPF.MainWindow.UpdateCurrentRankingDisplay(System.Collections.Generic.List{System.Collections.Generic.KeyValuePair{System.String,System.Decimal}},System.Collections.Generic.List{System.Collections.Generic.KeyValuePair{System.String,System.Decimal}},System.Collections.Generic.List{BinanceApps.WPF.Market24HData})">
            <summary>
            更新当前排行榜显示
            </summary>
        </member>
        <member name="M:BinanceApps.WPF.MainWindow.CalculatePricePosition(System.String,BinanceApps.WPF.Market24HData)">
            <summary>
            计算价格位置百分比
            </summary>
        </member>
        <member name="M:BinanceApps.WPF.MainWindow.UpdateRankingCountsDisplay">
            <summary>
            更新上榜次数显示
            </summary>
        </member>
        <member name="M:BinanceApps.WPF.MainWindow.FindListViewByName(System.String)">
            <summary>
            根据名称查找ListView
            </summary>
        </member>
        <member name="M:BinanceApps.WPF.MainWindow.FindListViewInElement(System.Windows.DependencyObject,System.String)">
            <summary>
            在元素中递归查找ListView
            </summary>
        </member>
        <member name="T:BinanceApps.WPF.MainWindow.SpeedRankingItem">
            <summary>
            涨速排行榜项目
            </summary>
        </member>
        <member name="T:BinanceApps.WPF.MainWindow.RankingCountItem">
            <summary>
            上榜次数统计项目
            </summary>
        </member>
        <member name="M:BinanceApps.WPF.MainWindow.CopySymbolFromListView(System.Windows.Controls.ListView)">
            <summary>
            从ListView复制合约名到剪贴板
            </summary>
        </member>
        <member name="M:BinanceApps.WPF.MainWindow.CreateAmplitudeAnalysisPanel">
            <summary>
            创建振幅波动分析面板
            </summary>
        </member>
        <member name="M:BinanceApps.WPF.MainWindow.CreateAmplitudeControlPanel">
            <summary>
            创建振幅波动控制面板
            </summary>
        </member>
        <member name="M:BinanceApps.WPF.MainWindow.BtnCalculateAmplitude_Click(System.Object,System.Windows.RoutedEventArgs)">
            <summary>
            计算振幅波动按钮点击事件
            </summary>
        </member>
        <member name="M:BinanceApps.WPF.MainWindow.FindChildByName``1(System.Windows.DependencyObject,System.String)">
            <summary>
            查找子控件
            </summary>
        </member>
        <member name="M:BinanceApps.WPF.MainWindow.ShowDaysInputDialog">
            <summary>
            显示天数输入对话框
            </summary>
        </member>
        <member name="M:BinanceApps.WPF.MainWindow.CreatePriceChangeStatsPanel">
            <summary>
            创建涨跌数据统计面板
            </summary>
        </member>
        <member name="M:BinanceApps.WPF.MainWindow.CalculatePriceChangeStatsAsync">
            <summary>
            计算涨跌统计数据
            </summary>
        </member>
        <member name="M:BinanceApps.WPF.MainWindow.CalculateConsecutiveChangeCounts(System.DateTime,System.Int32,System.Collections.Generic.List{BinanceApps.Core.Models.Kline})">
            <summary>
            计算指定日期的连续涨跌数量和合约列表
            </summary>
        </member>
        <member name="M:BinanceApps.WPF.MainWindow.CreatePriceChangeStatsGrid(System.Collections.Generic.List{BinanceApps.WPF.DailyPriceChangeStats})">
            <summary>
            创建涨跌统计表格
            </summary>
        </member>
        <member name="M:BinanceApps.WPF.MainWindow.CreateStatsHeaderRow(System.Windows.Controls.Grid)">
            <summary>
            创建统计表格标题行
            </summary>
        </member>
        <member name="M:BinanceApps.WPF.MainWindow.CreateStatsDataRow(System.Windows.Controls.Grid,BinanceApps.WPF.DailyPriceChangeStats,System.Int32,System.Collections.Generic.List{BinanceApps.WPF.DailyPriceChangeStats})">
            <summary>
            创建统计表格数据行
            </summary>
        </member>
        <member name="M:BinanceApps.WPF.MainWindow.GetIntensityColor(System.Int32,System.Int32,System.Int32,System.Boolean)">
            <summary>
            根据数值获取强度颜色（数字越大颜色越红，数字越小颜色越白）
            </summary>
        </member>
        <member name="M:BinanceApps.WPF.MainWindow.CreateSortableHeader(System.String,System.String,System.Windows.Controls.ListView,System.Collections.Generic.List{BinanceApps.WPF.SymbolDetailItem})">
            <summary>
            创建可排序的列标题
            </summary>
        </member>
        <member name="M:BinanceApps.WPF.MainWindow.SortSymbolDetailData(System.Collections.Generic.List{BinanceApps.WPF.SymbolDetailItem},System.String,System.Boolean)">
            <summary>
            排序合约详情数据
            </summary>
        </member>
        <member name="M:BinanceApps.WPF.MainWindow.CopyTop20Symbols(System.Collections.Generic.List{BinanceApps.WPF.SymbolDetailItem},System.Windows.Window)">
            <summary>
            复制前20个合约名称到剪贴板
            </summary>
        </member>
        <member name="M:BinanceApps.WPF.MainWindow.ShowSymbolDetailsWindow(System.Collections.Generic.List{System.String},System.DateTime,System.Int32,System.Boolean)">
            <summary>
            显示合约详情窗口
            </summary>
        </member>
        <member name="M:BinanceApps.WPF.MainWindow.SaveHighLowAnalysisConfig(System.Int32)">
            <summary>
            保存高低价分析配置
            </summary>
        </member>
        <member name="M:BinanceApps.WPF.MainWindow.SaveAmplitudeAnalysisConfig(System.Int32)">
            <summary>
            保存振幅分析配置
            </summary>
        </member>
        <member name="M:BinanceApps.WPF.MainWindow.SaveAdvancedFilterConfig(System.Decimal,System.Decimal,System.Int32,System.Decimal,System.Decimal,System.Decimal,System.Decimal,System.Decimal)">
            <summary>
            保存高级筛选配置
            </summary>
        </member>
        <member name="M:BinanceApps.WPF.MainWindow.CalculateAmplitudeDataAsync(System.Int32)">
            <summary>
            计算振幅波动数据
            </summary>
        </member>
        <member name="M:BinanceApps.WPF.MainWindow.DisplayAmplitudeData(System.Collections.Generic.List{BinanceApps.WPF.AmplitudeData},System.Int32)">
            <summary>
            显示振幅波动数据
            </summary>
        </member>
        <member name="M:BinanceApps.WPF.MainWindow.CreateAmplitudeCategoryPanel(System.Collections.Generic.List{BinanceApps.WPF.AmplitudeData},System.String,System.String,System.Windows.Media.Color)">
            <summary>
            创建振幅分类面板
            </summary>
        </member>
        <member name="M:BinanceApps.WPF.MainWindow.GetLocationRatioText(System.String)">
            <summary>
            获取合约的位置比例文本
            </summary>
        </member>
        <member name="M:BinanceApps.WPF.MainWindow.CopySymbolFromAmplitudeListView(System.Windows.Controls.ListView)">
            <summary>
            从振幅分析ListView复制合约名到剪贴板
            </summary>
        </member>
        <member name="M:BinanceApps.WPF.MainWindow.CopySymbolFromLocationListView(System.Windows.Controls.ListView)">
            <summary>
            从位置比例ListView复制合约名到剪贴板
            </summary>
        </member>
        <member name="M:BinanceApps.WPF.MainWindow.CopySymbolFromAdvancedFilterListView(System.Windows.Controls.ListView)">
            <summary>
            从高级筛选ListView复制合约名到剪贴板
            </summary>
        </member>
        <member name="M:BinanceApps.WPF.MainWindow.CopyAllFilteredSymbols_Click(System.Object,System.Windows.RoutedEventArgs)">
            <summary>
            一键复制所有筛选结果的合约名
            </summary>
        </member>
        <member name="M:BinanceApps.WPF.MainWindow.ExecuteNewAdvancedFilter(System.Windows.Window)">
            <summary>
            执行新的高级筛选
            </summary>
        </member>
        <member name="M:BinanceApps.WPF.MainWindow.PerformAdvancedFilteringAsync(System.Decimal,System.Decimal,System.Int32,System.Decimal,System.Decimal,System.Decimal,System.Decimal,System.Decimal)">
            <summary>
            执行高级筛选逻辑（优化版本，使用批量数据获取）
            </summary>
        </member>
        <member name="M:BinanceApps.WPF.MainWindow.CalculateSymbolAmplitude(System.String,System.Int32)">
            <summary>
            计算指定合约的振幅（使用缓存优化）
            </summary>
        </member>
        <member name="M:BinanceApps.WPF.MainWindow.Get24HVolumeAsync(System.String)">
            <summary>
            获取指定合约的24H成交额（使用缓存优化）
            </summary>
        </member>
        <member name="M:BinanceApps.WPF.MainWindow.DisplayAdvancedFilterResults(System.Windows.Window,System.Collections.Generic.List{BinanceApps.WPF.AdvancedFilterResultItem})">
            <summary>
            显示高级筛选结果
            </summary>
        </member>
        <member name="M:BinanceApps.WPF.MainWindow.TrySetClipboardText(System.String)">
            <summary>
            尝试设置剪贴板文本，带重试机制
            </summary>
        </member>
        <member name="M:BinanceApps.WPF.MainWindow.InitializeComponent">
            <summary>
            InitializeComponent
            </summary>
        </member>
        <member name="T:BinanceApps.WPF.Market24HData">
            <summary>
            24H行情数据模型
            </summary>
        </member>
        <member name="T:BinanceApps.WPF.AdvancedFilterResultItem">
            <summary>
            高级筛选结果项
            </summary>
        </member>
        <member name="T:BinanceApps.WPF.Market24HRankingItem">
            <summary>
            24H排行榜显示项
            </summary>
        </member>
        <member name="T:BinanceApps.WPF.VolumeGrowthData">
            <summary>
            成交额放量数据
            </summary>
        </member>
        <member name="T:BinanceApps.WPF.VolumeGrowthDisplayItem">
            <summary>
            成交额放量显示项
            </summary>
        </member>
        <member name="T:BinanceApps.WPF.ContractAnalysis">
            <summary>
            合约分析结果
            </summary>
        </member>
        <member name="T:BinanceApps.WPF.AdvancedFilterResult">
            <summary>
            高级筛选结果
            </summary>
        </member>
        <member name="M:BinanceApps.WPF.AdvancedFilterResult.ToString">
            <summary>
            重写ToString方法，提供友好的显示格式
            </summary>
        </member>
        <member name="T:BinanceApps.WPF.AmplitudeData">
            <summary>
            振幅波动数据
            </summary>
        </member>
        <member name="T:BinanceApps.WPF.AmplitudeCategory">
            <summary>
            振幅分类枚举
            </summary>
        </member>
        <member name="T:BinanceApps.WPF.MarketVolatilityData">
            <summary>
            市场波动率数据
            </summary>
        </member>
        <member name="T:BinanceApps.WPF.SymbolVolatility">
            <summary>
            单个币种的波动率数据
            </summary>
        </member>
        <member name="T:BinanceApps.WPF.DailyPriceChangeStats">
            <summary>
            每日涨跌统计数据
            </summary>
        </member>
        <member name="T:BinanceApps.WPF.SymbolDetailItem">
            <summary>
            合约详情项目
            </summary>
        </member>
        <member name="T:BinanceApps.WPF.VolatilityDetailsWindow">
            <summary>
            VolatilityDetailsWindow
            </summary>
        </member>
        <member name="M:BinanceApps.WPF.VolatilityDetailsWindow.LoadData(System.DateTime,System.Collections.Generic.List{BinanceApps.WPF.SymbolVolatility})">
            <summary>
            加载波动率数据
            </summary>
        </member>
        <member name="M:BinanceApps.WPF.VolatilityDetailsWindow.GetDisplayName(System.String)">
            <summary>
            获取币种显示名称
            </summary>
        </member>
        <member name="M:BinanceApps.WPF.VolatilityDetailsWindow.FormatQuoteVolume(System.Decimal)">
            <summary>
            格式化成交额显示
            </summary>
        </member>
        <member name="M:BinanceApps.WPF.VolatilityDetailsWindow.GetVolatilityColorBrush(System.Decimal)">
            <summary>
            根据波动率获取颜色画刷
            </summary>
        </member>
        <member name="M:BinanceApps.WPF.VolatilityDetailsWindow.LvSymbols_MouseLeftButtonUp(System.Object,System.Windows.Input.MouseButtonEventArgs)">
            <summary>
            ListView点击事件 - 复制币种名称到剪贴板
            </summary>
        </member>
        <member name="M:BinanceApps.WPF.VolatilityDetailsWindow.VolatilityDetailsWindow_Closing(System.Object,System.ComponentModel.CancelEventArgs)">
            <summary>
            窗口关闭事件处理
            </summary>
        </member>
        <member name="M:BinanceApps.WPF.VolatilityDetailsWindow.BtnClose_Click(System.Object,System.Windows.RoutedEventArgs)">
            <summary>
            关闭按钮点击事件
            </summary>
        </member>
        <member name="M:BinanceApps.WPF.VolatilityDetailsWindow.InitializeComponent">
            <summary>
            InitializeComponent
            </summary>
        </member>
        <member name="T:BinanceApps.WPF.VolatilityDisplayItem">
            <summary>
            波动率显示项数据模型
            </summary>
        </member>
        <member name="T:ValueToColorConverter">
            <summary>
            数值到颜色的转换器，实现0-600的白色到红色渐变
            </summary>
        </member>
    </members>
</doc>
